-- phpMyAdmin SQL Dump
-- version 5.2.0
-- https://www.phpmyadmin.net/
--
-- Host: localhost:3306
-- Generation Time: Nov 06, 2024 at 02:59 AM
-- Server version: 8.0.30
-- PHP Version: 8.3.13

SET SQL_MODE = "NO_AUTO_VALUE_ON_ZERO";
START TRANSACTION;
SET time_zone = "+00:00";


/*!40101 SET @OLD_CHARACTER_SET_CLIENT=@@CHARACTER_SET_CLIENT */;
/*!40101 SET @OLD_CHARACTER_SET_RESULTS=@@CHARACTER_SET_RESULTS */;
/*!40101 SET @OLD_COLLATION_CONNECTION=@@COLLATION_CONNECTION */;
/*!40101 SET NAMES utf8mb4 */;

--
-- Database: `tobul`
--

-- --------------------------------------------------------

--
-- Table structure for table `books`
--

CREATE TABLE `books` (
  `idBook` varchar(255) COLLATE utf8mb4_unicode_ci NOT NULL,
  `idCategory` bigint UNSIGNED NOT NULL,
  `titleBook` varchar(255) COLLATE utf8mb4_unicode_ci NOT NULL,
  `priceBook` decimal(10,2) NOT NULL,
  `authorBook` varchar(255) COLLATE utf8mb4_unicode_ci NOT NULL,
  `publisherBook` varchar(255) COLLATE utf8mb4_unicode_ci NOT NULL,
  `publishedBook` date NOT NULL,
  `descriptionBook` text COLLATE utf8mb4_unicode_ci,
  `coverBook` varchar(255) COLLATE utf8mb4_unicode_ci DEFAULT NULL,
  `stockBook` int NOT NULL,
  `created_at` timestamp NULL DEFAULT NULL,
  `updated_at` timestamp NULL DEFAULT NULL
) ENGINE=InnoDB DEFAULT CHARSET=utf8mb4 COLLATE=utf8mb4_unicode_ci;

--
-- Dumping data for table `books`
--

INSERT INTO `books` (`idBook`, `idCategory`, `titleBook`, `priceBook`, `authorBook`, `publisherBook`, `publishedBook`, `descriptionBook`, `coverBook`, `stockBook`, `created_at`, `updated_at`) VALUES
('5920320230022', 12, 'Series Komik Pesantren Keren', '250000.00', 'Tethy Ezokanzo, Dkk', 'pustaka al-kautsar kids', '2023-08-27', 'Katanya pesantren enggak enak, enggak bebas. Itu kata orang. Faktanya, Syamil malah happy masuk pesantren. Di sana dia berkenalan dengan sahabat-sahabatnya yang kocak-nyebelin tapi baik hati. Mereka menghabiskan waktu seru di pesantren. Aksi-aksi Syamil dan para sahabatnya bikin ketawa sakit perut sekaligus mengharukan. Ngapain aja sih mereka di pesantren? Yuk, kita intip!\r\n\r\nDi buku ini kamu bisa mendapatkan :\r\n1. Komik berwarna yang menarik dan lucu\r\n2. Hikmah, Ayat Al-Qur\'an dan hadits pengingat kebaikan dalam setiap cerita\r\n3. Belajar akhlak mulia secara menyenangkan', '1730814417.jpg', 15, '2024-11-05 00:50:07', '2024-11-05 19:48:50'),
('9786020386188', 16, 'A to Z Istilah Fashion', '225000.00', 'Goet Poespo', 'Gramedia Pustaka Utama', '2018-08-20', 'Fokus dari buku ini adalah fashion dari dunia Barat (Western), termasuk asal-usul dan sejarahnya. Istilah-istilah fashion dari dunia non Barat dan kostum rakyat (folk costume) didefinisikan hanya apabila telah menjadi bagian dari mode Barat serta sedang populer di masa kini dan dipergunakan dalam arus mode yang sudah dikenal luas (mainstream fashion). Perbendaharaan kata yang ada di buku ini merupakan istilah yang baku dan tidak berubah sepanjang zaman. Istilah-istilah fashion kontemporer dari para desainer masa kini sering kali diperoleh dari inspirasi di masa lalu. Juga beberapa istilah sulit tentang dunia mode ternyata sering kali pernah dijumpai pada dekade yang lalu dan di negara asalnya istilah tersebut biasanya masih digunakan. Buku ini diharapkan dapat menjadi sebuah referensi berguna bagi para pelajar sekolah mode dan busana, para desainer, pemerhati mode, hingga mereka yang berkecimpung dalam media yang bergerak di bidang mode.', '1730815236.jpg', 15, '2024-11-05 01:04:50', '2024-11-05 19:53:21'),
('9786020449524', 4, 'Melancong Irit ke Iran', '78800.00', 'Hairun Fahrudin', 'Elex Media Komputindo', '2017-12-12', 'Buku \"Melancong Irit ke Iran\" karya Hairun Fahrudin akan membawa anda ke berbagai sudut indah di negara Iran beserta dengan sejarah Iran pada masa lampau, bersama dengan perjalanan ke negara Iran dengan ala backpacker, anda akan memiliki banyak pengetahuan baru seputar negara Iran.\r\n\r\nRangkuman cerita perjalanan penuh warna di Iran tersaji di buku ini. Mulia dari menapak-tilas jejak revolusi Islam Iran di tahun 1979, mengunjungi artefak peninggalan penganut Zoroaster, melongok sisa-sisa kejayaan Persepolis, bahkan juga sempat berziarah ke makam Hafez sang penyair Pesia legendaris.', '1730811475.jpg', 5, '2024-11-04 23:48:38', '2024-11-05 19:40:36'),
('9786020449579', 10, 'Unbelievable Germany', '94000.00', 'Gana Stegmann', 'Elex Media Komputindo', '2017-11-20', 'Sebuah buku dengan cerita-cerita yang tidak dapat kamu dapatkan jika tidak langsung hidup di negara Jerman, negara yang disiplin, bersih, serta memiliki nilai-nilai individualis yang sangat tinggi, sehingga antara satu orang dengan yang lainnya tidak begitu hangat.\r\n\r\nPenulis sangat detail menceritakan kehidupannya di Jerman, hingga kita semua bisa merasakan sedang hidup di Jerman.', '1730814018.jpg', 50, '2024-11-05 00:33:05', '2024-11-05 19:46:51'),
('9786020664705', 7, 'Ekspresi Tuban', '115000.00', 'Fajar Ciptandi', 'Gramedia Pustaka Utama', '2022-12-06', 'Masyarakat Tuban secara turun-temurun masih berupaya mempertahankan tradisi batik gedog di tengah-tengah pertumbuhan tren dan teknologi yang kian mengusik eksistensinya. Menghadapi situasi tersebut masyarakat Tuban melakukan berbagai upaya inovasi agar mampu bertahan.\r\nBuku ini tidak hanya memperkenalkan bagaimana wujud asli tradisi batik gedog di Tuban, melainkan juga menunjukkan bagaimana transformasi yang terjadi pada tubuh tradisi tersebut dalam bentuk berbagai inovasi.', '1730813194.jpg', 5, '2024-11-05 00:11:51', '2024-11-05 19:42:45'),
('9786020675596', 11, 'Garis Depan Perubahan: Dinamika Regulasi Ketenagakerjaan', '200000.00', 'Dr. Haiyani Rumondang, M.A.', 'Gramedia Pustaka Utama', '2024-05-02', 'Buku ini mencoba mengurai dinamika dan fakta lahirnya kebijakan terkait regulasi ketenagakerjaan, khususnya kebijakan terbaru tentang Cipta Kerja. Harapannya, pembaca yang budiman dapat memahami bahwa dalam membuat sebuah kebijakan—meski terdapat tujuan yang sama—akan selalu terdapat perbedaan yang harus dibicarakan atau didiskusikan dengan mengedepankan musyawarah mufakat.', '1730814272.jpg', 15, '2024-11-05 00:42:18', '2024-11-05 19:47:47'),
('9786020676265', 17, 'Puasa yang Benar dan Sehat', '100000.00', 'Dr. Hans Tandra', 'Gramedia Pustaka Utama', '2024-03-12', 'Buku ini menguraikan cara hidup sehat dengan berpuasa memakai bahasa awam yang sederhana, dan jauh dari istilah kedokteran yang rumit. Apa untung ruginya berpuasa? Bagaimana mengatur jam berpuasa yang benar? Hidangan apa yang perlu dinikmati dan menu apa yang sebaiknya dihindari? Bagaimana langkah-langkah gaya hidup sehat yang harus dijalani? Semuanya akan dikupas tuntas. Puasa adalah diet yang disusun dengan peraturan waktu yang benar. Puasa untuk kesehatan tidak mendatangkan beban dan membuat sengsara, melainkan mudah dan murah. Puasa juga harus dijalani dengan rasa bahagia, nikmat, dan sehat. Di sini dijelaskan pula berbagai cara berpuasa yang baik dan penuh vitalitas, termasuk intermittent fasting yang kini sedang banyak diminati. Baca, pelajari, dan praktikkan buku ini. Puasa yang benar dan sehat bisa mengalahkan diabetes dan obesitas, membuat jantung dan otak semakin sehat, menghilangkan stres dan radang, menjauhkan penyakit autoimun dan kanker, serta membuahkan hidup berkualitas dan umur panjang.', '1730815374.jpg', 15, '2024-11-05 01:07:58', '2024-11-05 19:53:52'),
('9786020677682', 17, 'Prenatal Gentle Yoga : Kunci Melahirkan dengan Lancar, Aman, Nyaman, dan Minim Trauma (2024)', '155000.00', 'Yesie Aprillia', 'Gramedia Pustaka Utama', '2024-06-12', 'Persepsi umum orang tentang proses persalinan adalah sakit dan berisiko. Padahal sebenarnya, lewat gentle birth, Anda bisa mengalami proses persalinan yang lancar, aman, nyaman, dan minim trauma. Agar proses gentle birth berjalan dengan lancar, Anda perlu berlatih prenatal gentle yoga yang dirancang khusus bagi ibu hamil. Latihan ini bermanfaat untuk mempersiapkan Anda secara fisik, mental, dan spiritual, di antaranya mengurangi morning sickness saat trimester pertama kehamilan, memperbaiki postur tubuh untuk menciptakan ruang yang maksimal bagi perkembangan janin di rahim, dan menjaga kondisi tubuh tetap bugar hingga proses persalinan.', '1730815382.jpg', 15, '2024-11-05 01:07:58', '2024-11-05 19:54:01'),
('9786020678924', 8, 'Pertempuran dalam Lautan Bintang (To Sleep in a Sea of Stars #2)', '135000.00', 'Christopher Paolini', 'Gramedia Pustaka Utama', '2024-08-02', 'Setelah penemuan relik yang menghubungkannya dengan kekuatan alien, Kira Navárez berada dalam situasi yang tak pernah terbayangkan. Dia bergabung dengan Wallfish, kapal ruang angkasa yang dipimpin Salvo Falconi, menghadapi tidak hanya ancaman alien, tapi juga kekerasan dari UMC, komando militer manusia. Bersama Wallfish, Kira menjelajahi lautan bintang, bepergian melebihi kecepatan cahaya.', '1730813466.jpg', 50, '2024-11-05 00:22:11', '2024-11-05 19:43:27'),
('9786020679228', 9, 'The Art of Clear Thinking: Siasat Menghadapi Sesat Pikir', '80000.00', 'Patrick King', 'Gramedia Pustaka Utama', '2024-10-21', 'The Art of Clear Thinking membahas secara mendalam ilusi pikiran yang kita temui sehari-hari, dan cara meruntuhkannya. Buku ini memberikan alat untuk menghilangkan kabut dari mata kita dan berpikir secara lebih tajam. Kita akan mengetahui:\r\n• Kunci kejujuran intelektual dan hambatan terbesarnya (yang ada dalam kendali kita).\r\n• Betapa cacat serta biasnya persepsi, perspektif, dan perasaan kita.\r\n• Logika nyata dan logika palsu yang orang coba gunakan untuk membodohi kita.\r\n• Cara berpikir mandiri tanpa dipengaruhi orang lain.\r\n• Prinsip-prinsip dari beberapa pemikir terbesar dalam sejarah: Descartes, Darwin, Einstein, dan banyak lagi.', '1730813645.jpg', 5, '2024-11-05 00:28:58', '2024-11-05 19:46:05'),
('9786021311981', 21, 'Kesehatan Gigi dan Mulut Edisi Revisi', '105000.00', 'drg. Siti Yundali Hongini Dr. Mac Aditiawarman, S.H., M. Hum.', 'Penerbit Reka Cipta', '2023-08-15', 'Buku Kesehatan Gigi dan Mulut ini terbit karena terinspirasi oleh banyaknya masyarakat yang tidak peduli akan kesehatan gigi mereka. Mereka akan membutuhkan dokter gigi apabila mereka sudah mengalami masalah dengan gigi mereka. Mereka mecoba mengobatinya dengan meminum obat di warung atau membiarkan gigi mereka sedemikian rupa, sehingga setelah parah baru mereka datang ke dokter gigi.', '1730815831.jpg', 15, '2024-11-05 01:27:37', '2024-11-05 19:55:55'),
('9786022860396', 7, 'Menggambar Manga Dengan Pencil Untuk Pelajar', '42000.00', 'Maura Azhura Faradiba', 'Kawah Media', '2016-03-15', 'Halo! Namaku Maura Azhura Farabia. Teman-teman bisa memanggilku\r\nOla. Umurku 14 tahun. Salah satu hobiku adalah menggambar,\r\nterutama menggambar gaya Manga. Aku belajar menggambar tanpa\r\ntanpa menggunakan guru, alias belajar sendiri. menggambar manga itu\r\nseru, lho! awalnya memang tidak mudah, tapi aku tidak menyerah!\r\nAku terus menggambar dan terus berlatih, agar hasil gambarku\r\nbisa menjadi semakin bagus. Aku ingin membagi keseruan\r\nmenggambar lewat buku \"Menggambar Manga Dengan Pensil\" ini.\r\nYuk, teman-teman, bergabung denganku merasakan keseruan\r\nmenggambar manga dengan langkah-langkah yang mudah. Ada tips\r\ndan trik mewarnainya juga, lho!', '1730813166.jpg', 5, '2024-11-05 00:11:51', '2024-11-05 19:42:57'),
('9786022871798', 1, 'Alkitab Tb2 062 Ti Sl Terjemahan Baru Kalep Besar', '151000.00', 'Lembaga Alkitab Indonesia', 'Lembaga Alkitab Indonesia', '2024-09-19', 'Ini adalah Alkitab LAI ( Lembaga Alkitab Indonesia ) versi Terjemahan Baru 2 perbedaanya pada perubahan bahasa. Mempertimbangankan perkembangan dalam penelitian naskah kuno alkitab (Ibrani, Aram dan Yunani), serta pemahaman yang semakin luas dan jelas mengenai teks-teks kuno Alkitab . Dari segi penerjemahan, kata dan kalimat yang kurang jelas atau dapat disalah mengerti diganti dengan kata dan kalimat yang lebih luas.\r\n\r\n- Pembaruan dari segi ejaan dan penulisan\r\n- Pembaruan dari segi kosa kata\r\n- Pembaruan dari segi penerjemahan\r\n- Perubahan menyangkut interpretasi dan teks-teks sumber', '1730783847.jpg', 20, '2024-11-04 22:10:00', '2024-11-05 09:35:01'),
('9786023758326', 11, 'UUD 1945 & Amendemennya untuk Pelajar dan Umum', '30000.00', 'Grasindo', 'Gramedia Widasarana Indonesia', '2023-02-28', 'Buku ini berisi:\r\n- PANCASILA\r\n- UUD 1945\r\n- LEMBAGA NEGARA\r\n- BANGSA DAN NEGARA\r\n- WARGA NEGARA\r\n- GEOPOLITIK DAN GEOSTRATEGI\r\n- NEGARA KESATUAN REPUBLIK INDONESIA', '1730814279.jpg', 5, '2024-11-05 00:42:18', '2024-11-05 19:47:56'),
('9786024246860', 10, 'Menelusuri Panji di Candi-candi: Relief Figur Bertopi di Candi-candi Zaman Majapahit', '94000.00', 'Lydia Kieven', 'Kepustakaan Populer Gramedia', '2017-11-27', 'Buku berjudul Menelusuri Panji di Candi-candi: Relief Figur Bertopi di Candi-candi Zaman Majapahit ini menjelaskan mengenai makna figur bertopi di candi-candi di Jawa Timur pada abad ke-14 dan 15. Buku ini memuat hasil penelitian penggambaran figur laki-laki bertopi di relief candi-candi Jawa zaman Majapahit (sekitar 1300-1500 M). Penulis menelusuri apa yang disebutnya sebagai “figur bertopi” di banyak candi dan memperoleh hasil yang mengejutkan tentang makna dan fungsinya. Melalui penjelasan yang termuat dalam figur bertopi, pembaca buku mendapatkan pengertian baru akan fungsi religius di candi-candi di Jawa Timur.', '1730814025.jpg', 5, '2024-11-05 00:33:05', '2024-11-05 19:47:00'),
('9786024251284', 25, 'Nusantara dan ALKI (Alur Laut Kepulauan Indonesia)', '100000.00', 'Kresno Buntoro', 'RajaGrafindo Persada', '2017-07-22', 'Indonesia telah menetapkan Alur Laut Kepulauan Indonesia (ALKI). Penetapan ALKI diapresiasi oleh banyak negara, akan tetapi tidak sedikit yang mempertanyakan dan mempermasalahkan penetapan itu. Hal ini menimbulkan berbagai insiden di lapangan. Indonesia tidak menyebutkan bahwa penetapan air laut kepualauan itu adalah penetapan yang partial dan Indonesia harusnya sudah mengganti atau mengubah alur laut kepulauan yang melintas di Selat Ombai dan Leti. Buku ini menganalisis permasalahan nusantara dan poros maritim yang dikaitkan dengan alur laut kepulauan terutama dari aspek historis, hukum, teknis, dan operasional.', '1730816608.jpg', 15, '2024-11-05 01:51:05', '2024-11-05 19:57:41'),
('9786024524241', 10, 'Travel Easy, Travel Happy', '58000.00', 'Edwin Santoso', 'Gramedia Widiasarana Indonesia', '2017-10-30', 'Buku kecil ini mudah dibawa ke mana saja sehingga mampu menemani kamu di setiap rencana perjalanan. Melalui buku ini kamu aja diajak untuk:\r\n- Menemukan data profil destinasi populer.\r\n- Mewujudkan dan menentukan prioritas berwisata.\r\n- Mengurus aplikasi visa dengan risiko penolakan yang minim.\r\n- Mewaspadai dan mencegah bentuk-bentuk kejahatan dan penipuan ketika melakukan traveling.', '1730814033.jpg', 15, '2024-11-05 00:33:05', '2024-11-05 19:47:27'),
('9786025931666', 6, 'Transformasi Ekonomi Indonesia', '77000.00', 'Dr. Amir Uskara', 'RM Books', '2024-05-03', 'Kehadiran buku ini ingin memberikan pesan bahwa kebijakan menuju Indonesia Maju 2045 harus direncanakan dengan baik, melalui sebuah transformasi ekonomi. Jika bangsa Indonesia gagal dalam merencanakannya dengan baik, sama halnya dengan merencanakan kegagalan. Oleh sebab itu dibutuhkan komitmen yang kuat untuk membuat perencanaan yang baik dalam melaksanakan transformasi di sektor ekonomi.', '1730812981.jpg', 5, '2024-11-05 00:07:10', '2024-11-05 19:41:54'),
('9786026630032', 22, 'Trik Cepat Belajar Gitar Bolong Tanpa Guru', '65000.00', 'Adi Jarot Pamungkas', 'Yanita', '2017-07-12', 'Buku ini membahas secara tuntas mengenai permainan gitar bolong, mulai untuk mengiringi hingga bermain solo gitar bolong. Semua akan sangat menyenangkan dengan menggunakan buku ini, belajar gitar bolong akan menjadi sangat mudah dan menyenangkan, karena materi yang disajikan sangat sederhana dan mudah ditangkap.', '1730816331.jpg', 15, '2024-11-05 01:36:50', '2024-11-05 19:56:24'),
('9786026711106', 21, 'Kesehatan, Olah Raga & Kinerja', '185000.00', 'PROF. DR. H. Y.S. SANTOSO GIRIWIJOYO DKK', 'SINAR GRAFIKA', '2020-06-30', 'Buku ini membahas tentang olahraga, manfaat olahraga, olahraga pada atlet, anak dan lansia, olahraga bagi anak sekolah, penilaian kesehatan dan keamanan olahraga, dampak olahraga pada sistem reproduksi wanita, pedoman gizi bagi atlet, cedera olahraga, dan masalah-masalah keseharian lainnya akibat olahraga, penggunaan doping, hinggak ematian mendadak akibat olahraga.', '1730815838.jpg', 15, '2024-11-05 01:27:37', '2024-11-05 19:56:04'),
('9786026725134', 22, 'Otodidak Jago Keyboard (Nol - Mahir)', '88000.00', 'Hendro', 'Kawah Media', '2018-01-04', 'Otodidak Jago Keyboard merupakan buku panduan belajar cepat bermain keyboard tanpa bimbingan guru, disajikan dengan cara sederhana, praktis, lengkap, dan mudah dipahami. Buku ini membahas segala hal mengenai keyboard, mulai dari petunjuk jari, wilayah nada, notasi balok, bentuk dan permainan akor, rhythm irama lagu, dan melodi-improvisasi. Akor-akor disajikan dalam bentuk gambar yang dilengkapi dengan permainan jembatan akor. Memainkan melodi-improvisasinya pun sangatlah mudah. Jika Anda tidak bisa membaca not balok, ikutilah nomor urut angka yang tertera di atas tuts keyboard.', '1730816339.jpg', 15, '2024-11-05 01:36:50', '2024-11-05 19:56:31'),
('9786029260366', 7, 'Desain Rumah Wisata Nusantara', '285000.00', 'Sayembara Desain Rumah Wisata', 'Imaji', '2017-07-26', 'Buku Rumah Wisata Nusantara merupakan dokumentasi hasil karya pemenang dari Sayembara Desain Rumah Wisata (Homestay) Nusantara yang menampilkan karya desain yang terinspirasi\r\ndari 10 destinasi wisata prioritas (Danau Toba, Tanjung Kelayan, Tanjung Lesung, Kepulauan Seribu dan Kota Tua, Borobudur, Bromo Tengger Semeru, Mandalika, Labuan Bajo, Wakatobi, dan Morotai.', '1730813202.jpg', 5, '2024-11-05 00:11:51', '2024-11-05 19:43:08'),
('9786029407396', 17, 'Herbal Penakluk Kolesterol', '90000.00', 'Eny Pujiastuti', 'Trubus Swadaya', '2017-11-22', 'Konsumsi jus biji pepaya berdosis 400 mg mampu menurunkan kadar kolesterol total menjadi 128,28 mg/dl dari semula 257,57 mg/dl. Riset Muti\'ah Nuraeni dan rekan dari Fakultas Kedokteran dan Ilmu Kesehatan, Universitas Muhammadiyah Yogyakarta.', '1730815388.jpg', 15, '2024-11-05 01:07:58', '2024-11-05 19:54:12'),
('9786230059339', 19, 'Rahasia Cara Buat Website Harga Jutaan', '87000.00', 'Su Rahman', 'Elex Media Komputindo', '2024-07-07', 'Banyak ilmu rahasia yang diungkap di dalam buku ini. Berikut ini adalah pembahasan di dalam buku:\r\n• Panduan membuat website berbasis WordPress dan page builder.\r\n• Panduan domain dan hosting.\r\n• Panduan localhost.\r\n• Panduan transfer website dari localhost ke hosting.\r\n• Panduan memasang chat WhatsApp dan Google Maps.\r\n• Panduan kustomisasi website.\r\n• Panduan memasang firewall.', '1730815627.jpg', 15, '2024-11-05 01:20:36', '2024-11-05 19:54:46'),
('9786230059476', 19, 'Pengantar Desain UI/UX', '72000.00', 'Jubilee Enterprise', 'Elex Media Komputindo', '2024-07-19', 'Buku \"Pengantar Desain UI/UX\" Ini memberi wawasan kepada Anda bagaimana terjun ke dalam bidang user interface dan user experience untuk pertama kali. Sebagian besar Isi materi Ini berbentuk tutorial untuk membuat desain user Interface yang efisien. Namun Anda juga akan membaca referensi-referensi praktis seputar UX, terutama dalam kaitannya dengan Information Architecture dan penelitian user experience menggunakan metode card sorting dan tree view. Diharapkan setelah membaca buku Ini, Anda semakin memiliki wawasan tentang bagaimana sebuah aplikasi dibangun. Bagi Anda yang menyukai dunia desain grafis dan Ingin menjadi pengembang aplikasi maka buku Ini cocok untuk dibaca!', '1730815646.jpg', 15, '2024-11-05 01:20:36', '2024-11-05 19:54:56'),
('9786230060342', 8, 'Restoran Terkutuk', '60000.00', 'Eve Shi', 'Elex Media Komputindo', '2024-09-07', 'SIAPKAH KAU MENUKAR HASRAT TERBESARMU DENGAN NYAWA?\r\n\r\nDatanglah pada pukul 11.11 malam ke restoran kusam dan kosong yang hanya diterangi lilin itu. Di dalamnya ada sosok misterius yang mirip seorang pemuda, tapi kau tahu dia bukan manusia. Duduklah di depan sosok itu. Ucapkan permintaanmu: jadi artis terkenal, menyingkirkan mantan yang terobsesi, atau balasan atas orang yang melecehkan adikmu. Semua itu pasti terkabul. Setelahnya, kau harus siap membayar dengan apa saja, bahkan nyawa....', '1730813474.jpg', 15, '2024-11-05 00:22:11', '2024-11-05 19:43:39'),
('9786230060724', 19, 'Belajar Sendiri Menjadi Programmer Excel', '115000.00', 'Yudhy Wicaksono & Solusi Kantor', 'Elex Media Komputindo', '2023-09-24', 'Buku \"Belajar Sendiri Menjadi Programmer Excel\" dirancang untuk membantu Anda menguasai pemrograman Excel secara mandiri. Dengan pembahasan lengkap yang bisa diterapkan di berbagai versi Excel, buku ini adalah panduan sempurna bagi semua pengguna—mulai dari pemula hingga mahir. Setiap bab dilengkapi dengan contoh kasus sehari-hari yang relevan. Selain itu, Anda juga akan mendapatkan akses gratis ke file latihan, hasil latihan, dan aplikasi pendukung yang dirancang untuk mempercepat pemahaman Anda.', '1730815661.jpg', 15, '2024-11-05 01:20:36', '2024-11-05 19:55:08'),
('9786230061370', 1, 'Panduan Ibadah Salat Wajib dan Sunah Terlengkap', '123000.00', 'H. Ahmad Zacky, S.Ag. M.A.', 'Elex Media Komputindo', '2024-10-22', 'Apakah salat kita sudah benar? Bagaimana memastikan ibadah terpenting dalam hidup kita diterima oleh Allah Swt.? Buku “Panduan Ibadah Salat Wajib dan Sunah Terlengkap” hadir untuk menjawab pertanyaan-pertanyaan mendasar ini, menawarkan panduan yang tak hanya mendalam tetapi juga mudah dipahami oleh semua kalangan.\r\n\r\nDalam buku ini, Anda akan diajak menyelami seluk-beluk salat, mulai dari hal-hal yang mungkin selama ini terabaikan, hingga aspek-aspek krusial yang sering kali terlewatkan. Penulis dengan teliti membahas tata cara bersuci—sebuah langkah awal yang sangat penting—mulai dari wudu, tayamum, hingga mandi. Tanpa bersuci yang benar, salat kita tidak akan sah.', '1730783859.jpg', 15, '2024-11-04 22:10:00', '2024-11-05 09:36:33'),
('9786230061462', 8, 'Manusia Silver', '115000.00', 'Rosiana Quraisin', 'Elex Media Komputindo', '2024-10-28', 'SMU Permata gempar akan prostitusi online yang tengah meresahkan para siswi. Sang muncikari menyebut dirinya ialah Butterfly. Sebagai ketua OSIS, Onet bertanggung jawab untuk mengungkap kasus tersebut. Sayangnya, seorang siswi yang mengaku tahu sosok Butterfly ditemukan tewas bersimbah darah di dalam kelas. Mirisnya, Onetlah yang menjadi tersangka dalam kasus pembunuhan itu.', '1730813481.jpg', 5, '2024-11-05 00:22:11', '2024-11-05 19:45:22'),
('9786230102127', 7, 'Komputer Grafis, Belajar Elemen Dasar Grafis Menjadi Pro', '78000.00', 'Tonny Hidayat', 'Andi Offset', '2019-10-30', 'Komputer grafis didefinisikan sebagai software keterampilan seni dan komunikasi untuk kebutuhan bisnis atau industri. Software-software ini meliputi periklanan dan penjualan produk, penciptaan identitas visual (untuk institusi, produk, perusahaan, dan lingkungan grafis), serta desain informasi, yang secara visual menyempurnakan pesan dalam publikasi. Buku ini menyusun beberapa hal yang berhubungan dengan desain grafis, yaitu pengertian desain grafis, software-software yang digunakan dalam desain grafis, serta aplikasi-aplikasi yang biasa dipakai dalam membuat desain grafis.', '1730813212.jpg', 15, '2024-11-05 00:11:51', '2024-11-05 19:43:19'),
('9786230102325', 20, 'Matematika Terapan', '115000.00', 'Siti Sailah Dan Cekmas Cekdin', 'Andi Offset', '2019-10-23', 'Manusia merupakan makhluk berakal yang menciptakan peradaban. Peradaban Manusia dapat berkembang dengan ilmu pengetahuan. Ilmu pengetahuan dikembangkan dengan sendirinya seiring dengan kompleksnya masalah yang dihadapi manusia dalam setiap tahap peradaban. Ilmu pengetahuan yang tak pernah terlepas dari tiap peradaban adalah matematika. Matematika diibaratkan alat bantu yang digunakan untuk berbagai persoalan.', '1730815740.jpg', 15, '2024-11-05 01:24:16', '2024-11-05 19:55:19'),
('9786230130083', 10, 'Proteksi Sistem Tenaga Listrik', '90000.00', 'Ir. Harnoko S., M.T. & Ir. Sri Lestari, M.T.', 'Penerbit Andi', '2022-11-25', 'Perkembangan sistem tenaga listrik semakin pesat. Pembangkit-pembangkit berdaya besar sudah dan akan dibangun untuk memenuhi kebutuhan tenaga listrik. Pembangkit-pembangkit tersebar (distributed generation), baik dengan energi terbarukan maupun tidak-terbarukan juga banyak dibangun. Hal tersebut membuat arus hubung-singkat menjadi semakin besar sehingga diperlukan sistem dan peralatan proteksi yang baik dan tepat. Rele-rele proteksi diperlukan untuk mengatasi setiap gangguan yang terjadi di sistem tenaga listrik, dari pembangkit sampai ke beban/konsumen. Hubung-singkat di sistem disribusi primer diproteksi dengan rele arus lebih (OCR), PBO, SSO dan sekering.', '1730814038.jpg', 5, '2024-11-05 00:33:05', '2024-11-05 19:47:38'),
('9786230141829', 3, 'Penelitian dan Publikasi dalam Manajemen', '55800.00', 'Nurul Indarti, Hardo Firmana Given Grace Manik', 'Penerbit Andi', '2024-09-20', 'Penelitian dan Publikasi dalam Manajemen: Strategi dan Taktik\r\n\r\nBuku ini menguraikan strategi-strategi penelitian dan publikasi pada disiplin ilmu manajemen berdasarkan pengalaman praktis para penulis sebagai pendidik dan peneliti. Berbeda dari buku yang sudah tersedia di pasaran, buku ini fokus mengangkat topik-topik yang sehari-hari dihadapi oleh mahasiswa dan dosen manajemen yang sedang belajar meneliti dan menulis sehingga diharapkan memiliki relevansi yang kuat.\r\n\r\nSelengkapnya buku ini menceritakan tentang bagaimana konsep dasar penelitian, cara menemukan ide penelitian, peran teori dalam penelitian, cara mengulas literatur, pemilihan filosofi dan metode penelitian, etika penelitian, penggunaan teknik bercerita dalam tulisan akademis, dan strategi publikasi jurnal. Dengan segala kekurangannya, kami berharap buku ini diterima dengan baik terkhusus di kalangan dosen dan mahasiswa manajemen. Kami juga sangat terbuka menerima masukan-masukan untuk memperbaiki buku ini di masa depan.', '1730811240.jpg', 15, '2024-11-04 23:24:01', '2024-11-05 19:39:20'),
('9786230315275', 18, 'Akasha : Change the World : Bloodthirsty Killer from Today 04', '45000.00', 'Yuya Kanzaki', 'm&c!', '2024-11-01', 'Saitou Yuuichi, seorang pemuda tanpa prospek dan menganggap dirinya tidak berguna, sampah Masyarakat, memutuskan untuk bunuh diri pada pergantian tahun. Namun, sebuah pertemuan yang menentukan dengan orang asing bernama Mitsumune Sakutarou, yang merupakan kebalikan dari dirinya, mengubah masa depan Yuuichi dengan cara yang tidak pernah ia bayangkan.', '1730815535.jpg', 15, '2024-11-05 01:13:01', '2024-11-05 19:54:21'),
('9786231020406', 6, 'Panduan Investasi Crypto dari Nol untuk Pemula', '90000.00', 'Ananta Susilo', 'Yash Media', '2024-10-01', 'Dalam buku ini, Anda akan menemukan:\r\n- Pengenalan tentang apa itu cryptocurrency dan bagaimana cara kerjanya.\r\n- Penjelasan mengenai berbagai jenis cryptocurrency dan alasan mengapa mereka memiliki nilai.\r\n- Panduan teknis tentang cara membuka akun di platform trading, memahami grafik dan indikator teknis, serta strategi trading yang berbeda seperti day trading dan long-term investing.\r\n- Tips tentang manajemen risiko untuk menghindari kerugian besar.\r\n- Glosarium istilah-istilah penting dalam trading crypto.\r\n- Contoh-contoh praktis dan studi kasus yang akan membantu Anda memahami penerapan teori dalam situasi nyata.', '1730813013.png', 5, '2024-11-05 00:07:10', '2024-11-05 19:42:05'),
('9786231028709', 18, 'Rascal Does Not Dream of Bunny Girl Senpai 2 (END)', '65000.00', 'Hajime Kamoshida, Tsugumi Nanamiya', 'Phoenix Gramedia Indonesia', '2024-09-27', 'Suatu hari, Sakuta bertemu dengan seorang cewek berkostum bunny girl di perpustakaan. Identitasnya adalah seorang aktris terkenal bernama Mai Sakurajima. Sakuta lalu berusaha keras untuk menyembuhkan Mai dari kondisi misterius yang disebut “sindrom pubertas”, tapi tiba-tiba terjadi hal di luar dugaan. Bagaimanakah masa depan dari kisah cinta keduanya!?', '1730815542.jpg', 15, '2024-11-05 01:13:01', '2024-11-05 19:54:29'),
('9786231342379', 13, 'Buruh dan Negara di Indonesia', '135000.00', 'Vedi R. Hadiz', 'Kepustakaan Populer Gramedia', '2024-10-13', 'Buku Buruh dan Negara di Indonesia, yang ditulis Vedi R. Hadiz, membahas dampak dari proses industrialisasi secara masif yang terjadi di Indonesia sejak akhir 1960-an. Proses ini memfasilitasi lahirnya kelas pekerja industrial yang baru. Buku ini menawarkan perspektif teoretiknya–terinspirasi oleh pendekatan materialisme historis–untuk memahami kesempatan dan limitasi yang dimiliki oleh pengorganisasian buruh. Melalui model komparatif, buku ini berargumen bahwa gerakan buruh di Indonesia menghadapi tantangan lebih besar, dibanding dengan gerakan buruh yang lahir di negara-negara yang mengalami proses industrialisasi yang lebih awal.', '1730814521.jpg', 15, '2024-11-05 00:54:15', '2024-11-05 19:50:02'),
('9786231342867', 5, 'Untukmu Indonesia: Memelihara Harapan, Menguatkan Kemauan, Menggerakkan Perubahan', '165000.00', 'Iwan Syahril', 'Kepustakaan Populer Gramedia', '2024-10-27', 'Tumbuh dari keluarga pendidik membuat dunia pendidikan begitu bermakna dan melekat begitu erat dalam perjalanan hidup Iwan Syahril. Pengalaman terdekat tersebut kemudian membawanya melanglang buana jauh mendalami bagaimana pendidikan dapat menjadi pijakan untuk memberi dampak perubahan bagi peradaban sebuah bangsa.', '1730811736.jpg', 5, '2024-11-04 23:58:39', '2024-11-05 19:41:05'),
('9786231600790', 12, 'Poligami Bola Murtad Duologi 1 | Kumpulan Revisi Kolom Bahasa Harian Kompas', '110000.00', 'SAMSUDIN BERLIAN', 'Penerbit Buku Kompas', '2023-11-19', 'Buku ini, yang terdiri dari dua serangkai, isinya pendek-pendek, ringan, nakal, dan kurang ajar. Antara jenaka dan serius. Tidak baik untuk pelajaran dasar bahasa Indonesia. Tidak mengajarkan kepatuhan kepada tata bahasa Indonesia. Tidak ada pembahasan mendalam tentang hukum bahasa. Tidak ada tuntunan tentang bahasa baku di sini. Tidak ada metode atau teori baru dan canggih tentang ini itu bahasa.', '1730814424.jpg', 5, '2024-11-05 00:50:07', '2024-11-05 19:49:00'),
('9786231600813', 12, 'Pengkhianat Musik Cadas Kafir Duologi 2 | Kumpulan Revisi Kolom Bahasa Harian Kompas', '110000.00', 'SAMSUDIN BERLIAN', 'Penerbit Buku Kompas', '2023-11-19', 'Buku ini, yang terdiri dari dua serangkai, isinya pendek-pendek, ringan, nakal, dan kurang ajar. Antara jenaka dan serius. Tidak baik untuk pelajaran dasar bahasa Indonesia. Tidak mengajarkan kepatuhan kepada tata bahasa Indonesia. Tidak ada pembahasan mendalam tentang hukum bahasa. Tidak ada tuntunan tentang bahasa baku di sini. Tidak ada metode atau teori baru dan canggih tentang ini itu bahasa.', '1730814432.jpg', 5, '2024-11-05 00:50:07', '2024-11-05 19:49:34'),
('9786231606426', 13, 'Kawasan Damai dan Bebas Senjata Nuklir', '300000.00', 'Dian Wirengjurit', 'Penerbit Buku Kompas', '2024-10-18', 'Buku \"Kawasan Damai dan Bebas Senjata Nuklir\" merupakan sebuah karya tulis yang secara mendalam membahas konsep, sejarah, dan perkembangan upaya-upaya internasional untuk menciptakan kawasan-kawasan di dunia yang bebas dari ancaman senjata nuklir. Buku ini menyoroti pentingnya inisiatif tersebut dalam menjaga perdamaian dunia dan keamanan regional.\r\n\r\nSecara umum, buku ini mencakup topik-topik berikut:\r\nPengertian Kawasan Damai dan Bebas Senjata Nuklir: Buku ini memberikan definisi yang jelas tentang apa yang dimaksud dengan kawasan damai dan bebas senjata nuklir, serta tujuan utama dari penciptaan kawasan semacam itu.', '1730861472.jpg', 15, '2024-11-05 00:54:15', '2024-11-05 19:51:12'),
('9786231606440', 16, 'Kebaya Kaya Gaya: Selaras Mengikuti Zaman', '180000.00', 'Tingka Adiati', 'Penerbit Buku Kompas', '2024-07-22', 'Kebaya seringkali ditafsirkan sebagai sebuah pakaian yang semata menampilkan keanggunan dan kecantikan pemakainya. Padahal, dalam sejarahnya, ratusan tahun silam, kebaya Indonesia telah melahirkan sebuah filosofi, nilai-nilai kebaikan dan peradaban tertinggi terhadap perempuan Indonesia. Menjelang peringatan pertama Hari Kebaya Nasional 24 Juli 2024, buku “Kebaya Kaya Gaya” diterbitkan untuk menambah wawasan kepada pembaca, bahwa kebaya Indonesia harus lestari. Di tengah upaya berbagai komunitas menghidupkan kembali tradisi mengenakan busana yang merefleksikan perempuan Indonesia yang mandiri dan kreatif, kebaya juga memberikan multiplier effect bagi perekonomian Indonesia.', '1730815244.jpg', 15, '2024-11-05 01:04:50', '2024-11-05 19:53:30'),
('9786231607263', 24, 'Gelora Api Revolusi', '116000.00', 'Colin Wild, Peter Carey', 'Penerbit Buku Kompas', '2024-09-25', 'Buku yang menarik ini, yang berupa edisi kedua, yang telah dilengkapi dengan tiga bab baru, mengajukan kisah saksi mata dan akademis tentang transformasi Indonesia dari negara kolonial Hindia Belanda menjadi Republik Merdeka yang penuh potensi.\r\n\r\nGelora Api Revolusi adalah kisah nyata tentang campuran diplomasi yang cerdik, semangat rakyat, dan keterampilan militer yang digunakan pasukan nasionalis Indonesia untuk membawa Belanda ke meja perundingan dan akhirnya memperoleh kemenangan bagi Republik.', '1730816523.jpg', 15, '2024-11-05 01:46:36', '2024-11-05 19:57:14'),
('9786231607423', 24, 'Inggris di Jawa (1811-1816) Babad Panular - Kisah Serangan Inggris di Yogyakarta', '125000.00', 'Peter Carey', 'Penerbit Buku Kompas', '2024-10-24', 'Masa pendudukan Inggris yang singkat di Jawa (1811-1816) di akhir Perang Napoleon merupakan titik penting dalam sejarah modern Indonesia. Untuk pertama kali, Pemerintah Kolonial mempunyai cukup aset militer untuk menaklukkan raja-raja pribumi yang sebelumnya meraih daulat yang signifikan. Kekuasaan Eropa yang mutlak ini pun didukung oleh politik kolonial baru berupa pajak tanah (land-rent), hukum Eropa, dan sistem sentralisasi Pemerintah. Terjadilah pergeseran mendasar dalam hubungan politik antara Pemerintah Eropa di Batavia dan kekuasaan lokal di pedalaman Jawa.', '1730816528.jpg', 15, '2024-11-05 01:46:36', '2024-11-05 19:57:22'),
('9786231607508', 5, 'Menjadi Garam Dunia', '112500.00', 'Esthi Susanti Hudiono', 'Penerbit Buku Kompas', '2024-09-30', 'Buku ini memotret peziarahan hidup sekaligus sebagai memoar Drs. Michael Utama Purnama, M.A., O.P. atas berbagai legasi yang telah diwariskan. Buku ini ditulis dengan perspektif spiritual yang menyoroti dimensi psikologi dan sosiologi. Inilah kisah dinamika iman Kristen Katolik dalam identitas warga negara Indonesia, Tionghoa, profesional pendidik dan pebisnis dalam dialektika yang tidak mudah, tetapi berhasil terjaga selama 80 tahun hidup Utama. Bagaimana Utama bisa menjaga iman pada ruang sosial Indonesia pada berbagai peran yang ia lakoni, sekaligus menjadi sumber renungan dan inspirasi.', '1730811743.jpg', 15, '2024-11-04 23:58:39', '2024-11-05 19:41:14'),
('9786231607843', 2, 'Theology of Hope', '99000.00', 'Komaruddin Hidayat', 'Penerbit Buku Kompas', '2024-10-24', 'Melalui buku ini, Komarrudin Hidayat hendak mengajak pembaca untuk memahami hubungan antara sejarah pribadi dan sejarah sosial, serta mengeksplorasi bagaimana manusia menemukan diri melalui perjalanan waktu. Buku ini mengisahkan hubungan antara kenangan dan harapan, kekecewaan dan kebahagiaan, serta kekhawatiran dan keyakinan, yang menjadi cermin untuk memahami realitas keindonesiaan, dari masa lalu, tantangan masa kini, dan harapan masa depan.\r\n\r\nMenggunakan pendekatan teologi, penulis menyuguhkan narasi yang kaya akan kebijaksanaan hidup. Dengan kekuatan penuturannya, buku ini juga memperkenalkan teologi alamiah, yang mencoba memahami tanda-tanda ilahi melalui hukum alam. Dengan demikian, Theology of Hope berusaha menyatukan ajaran agama dengan ilmu pengetahuan, yang menawarkan pandangan luas tentang kehidupan.\r\n\r\nDitulis dengan bahasa renyah, buku ini dapat menjadi teman dalam menavigasi tantangan hidup. Sebuah karya yang menginspirasi untuk tetap berjuang, tidak hanya demi kebahagiaan di akhirat, tetapi juga untuk kesejahteraan di dunia. Sebuah bacaan wajib bagi mereka yang mencari makna dalam perjalanan hidup.', '1730810733.jpg', 15, '2024-11-04 22:57:04', '2024-11-05 09:41:05'),
('9786231607904', 14, 'Penalaran Etika : Konsep dan Penerapan', '170000.00', 'Dr. Ratna Dewi Pettalolo, S.H., M.H.', 'Penerbit Buku Kompas', '2024-10-31', 'Buku ini menghadirkan satu konsep pemikiran baru mengenai pentingnya pendekatan penularan etika sebagai upaya memaksimalkan proses penyelesaian kasus dugaan pelanggaran etika. Selain itu, buku ini juga mengajak pembaca untuk menemukan konsep dalektika fungsional dan membangun konsep pola penalaran etika yang berbasiskan pendekatan etika dan hukum yang berkembang saat ini.', '1730814823.jpg', 15, '2024-11-05 00:58:11', '2024-11-05 19:52:25'),
('9786231640529', 20, 'Pengantar Ilmu Statistika', '72000.00', 'Bayu Adhi Wibowo, S.Pd., M.Pd. Dan Asyifah Dwi Putri, S.Psi.', 'Anak Hebat Indonesia', '2023-11-15', 'Statistika adalah ilmu yang sangat penting jika kita dihadapkan dengan data atau set data. Metode-metode statistika akan meguji dan menganalisis data tersebut dengan caranya yang unik sesuai dengan kebutuhan data yang akan disajikan. Selain menyajikan data, uji validitas juga sangat penting dalam prespektif ilmu statiska.', '1730815746.jpg', 15, '2024-11-05 01:24:16', '2024-11-05 19:55:31'),
('9786231648334', 15, 'Buku Panduan Melahirkan', '52000.00', 'Anna Mutmainah', 'Anak Hebat Indonesia', '2024-07-21', 'Buku ini memberikan penjelasan dan tips apa yang perlu dilakukan pasangan suami-istri dalam menjalani kehamilan dan menghadapi kelahiran buah hati, mulai dari bagaimana mengatasi perasaan khawatir saat muncul hingga mencegah depresi pasca melahirkan.', '1730815051.jpg', 15, '2024-11-05 01:01:17', '2024-11-05 19:52:52'),
('9786231649997', 2, 'Rumi : Samudra Pesan dan Nasihat-Nasihatnya', '37500.00', 'Sony Adams', 'Anak Hebat Indonesia', '2024-11-02', 'Buku ini adalah sebuah buku yang mendalami pemikiran dan puisi-puisi dari Jalaluddin Rumi, seorang penyair, teolog, dan mistikus Sufi yang terkenal dari abad ke-13. Buku ini berusaha menggali kedalaman ajaran-ajaran Rumi yang sarat dengan pesan-pesan spiritual dan kebijaksanaan.\r\n\r\nMelalui karya ini, pembaca dibawa untuk menyelami samudra metafor dan simbolisme yang digunakan oleh Rumi dalam menyampaikan pandangannya tentang cinta, kehidupan, dan hubungan manusia dengan Tuhan. Setiap bab dari buku ini menyajikan interpretasi dan analisis mendalam dari puisi-puisi Rumi, disertai dengan konteks historis dan filosofis yang membantu pembaca memahami makna yang lebih dalam.', '1730810750.jpg', 10, '2024-11-04 22:57:04', '2024-11-05 09:41:27'),
('9786231893895', 2, 'Taman Sang Nabi', '45000.00', 'Kahlil Gibran', 'Diva Press', '2024-09-17', 'Al-Mustafa, sang lelaki terkasih, telah pulang ke tanah kelahirannya kembali pada bulan penuh kemenangan, bulan Tichreen. Perasaan ingin menjenguk tanah kelahirannya sangat bergejolak di hatinya. Kedatangannya dirayakan secara luas dan sangat dirindukan. Semua penduduk desa yang haus akan pengetahuannya berkumpul di sekelilingnya.\r\n\r\nAl-Mustafa menghabiskan 40 malam dalam kesendirian di tamannya dan kemudian memilih beberapa murid - seperti yang dilakukan seorang nabi sejati - dan memberi tahu mereka tentang kehidupan dan cinta serta Tuhan dan keindahan.', '1730810765.jpg', 12, '2024-11-04 22:57:04', '2024-11-05 09:41:45'),
('9786231894113', 1, 'Adab di Atas Ilmu 5', '75000.00', 'Syekh Ibnu Jamaah', 'Diva Press', '2024-10-16', 'Mengapa adab lebih penting kedudukannya daripada tumpukan ilmu?\r\n\r\nSebab, ilmu akan berbahaya jika tidak dihiasi dengan akhlak. Berbahaya bagi diri sendiri dan orang lain pula. Tengoklah “majelis-majelis ilmu” yang disiarkan tanpa mengedepankan nilai-nilai adab. Isinya tidak jauh dari provokasi, saling menghina sesama muslim, caci maki, dan sejenisnya. Ilmu tanpa hiasan akhlak akan menjadi penggerak keburukan-keburukan bagi pemiliknya dan bagi orang lain.\r\n\r\nSaking pentingnya akhlak atau adab, sampai-sampai para ulama terdahulu mempelajarinya selama bertahun-tahun. Kitab-kitab yang mengulas akhlak karimah ditulis berjilid-jilid. Para santri harus terlebih dahulu bertahun-tahun menempa diri di hadapan seorang kiai. Cermin alangkah pentingnya akhlak di atas segala-galanya.\r\n\r\nNah, buku ini mengurai secara sangat terperinci tentang akhlak-akhlak bagi para guru dan penuntut ilmu. Akhlak murid kepada guru, dan akhlak guru kepada para muridnya sekaligus. Interaksi guru dan murid yang dihiasi akhlak karimah akan mendatangkan keberkahan-keberkahan tidak hanya bagi murid, tetapi juga bagi guru yang bersangkutan. Keberkahan ini berupa manisnya ilmu dan agungnya kemuliaan di hadapan Allah Ta’ala.', '1730783870.jpg', 15, '2024-11-04 22:10:00', '2024-11-05 09:36:59'),
('9786232059542', 4, 'Merancang Bangunan Sekolah', '54000.00', 'Ir. Taufik Priambodo', 'Yrama Widya', '2024-04-19', 'Buku ini hadir untuk mahasiswa arsitektur dan arsitek pemula. Buku ini patut dibaca juga untuk keahlian sampingan bagi para mahasiswa maupun praktisi spesialis ilmu bangunan yang bukan dari jurusan arsitektur, seperti teknik sipil, teknik elektro, teknik mesin, desainer interior, dan desainer lanskap. Bahkan, siswa SMK teknik gambar bangunan pun dapat mengambil manfaat dari buku ini. Ayo segera miliki buku ini untuk mengetahui ilmu merancang bangunan sekolah!', '1730811486.jpg', 15, '2024-11-04 23:48:38', '2024-11-05 19:40:46'),
('9786232424364', 8, 'Heart of the Sun Warrior', '122000.00', 'Sue Lynn Tan', 'Mizan Fantasi', '2024-09-17', 'Liwei begitu dekat, tetapi terasa jauh dari jangkauan. Wenzhi telah membuat kesalahan tak termaafkan, tetapi terus saja menyerbu benteng yang Xingyin dirikan untuk melindungi hatinya.\r\n\r\nNamun, tak ada waktu untuk mengurus romansa ketika pertempuran kedelapan alam untuk memperebutkan semesta sudah mengadang. Sekutu berkhianat, musuh bersiasat. Berapa banyak lagi Xingyin harus berkorban, sementara mayat orang-orang terdekat terus bergelimpangan?\r\n\r\nBersediakah Xingyin mengambil risiko bukan saja kehilangan nyawa mereka yang dia cintai, melainkan juga nyawanya sendiri?', '1730813487.jpg', 5, '2024-11-05 00:22:11', '2024-11-05 19:45:45'),
('9786233145633', 1, 'Martir: Kisah Para Martir Menghadapi Siksaan', '89100.00', 'Bryan M. Litfin', 'Penerbit Andi', '2024-09-20', 'Narasi pribadi adalah alat yang sangat efektif untuk mengajar, baik dalam menyampaikan informasi maupun dalam membentuk karakter. Kisah-kisah kemartiran yang dipertahankan dalam literatur Kekristenan awal sangat intens dan dramatis. Namun, kisah-kisah ini sering tidak tersedia secara luas dan biasanya ditulis dalam bentuk prosa yang sulit diakses oleh sebagian besar pembaca.\r\n\r\nBuku pengantar ini mengumpulkan kisah-kisah utama kemartiran Kristen awal dalam satu volume, menyediakan terjemahan baru yang mudah dibaca beserta komentar dari para ahli. Setiap terjemahan disertai dengan pengantar dan catatan penjelasan. Buku ini tidak hanya memberikan pandangan yang jelas tentang dunia Kekristenan awal, tetapi juga menawarkan dorongan spiritual dan inspirasi bagi kehidupan Kristen masa kini.', '1730783877.jpg', 15, '2024-11-04 22:10:00', '2024-11-05 09:38:13'),
('9786233212892', 3, 'Kisah Menulis Story Telling Secara Kesastraan', '144000.00', 'Septiawan Santana K.', 'Yayasan Pustaka Obor Indonesia', '2024-08-30', '“Buku ini memaparkan variasi teknik penulisan storytelling.”\r\nProf. Dr Normah Mustaffa, Universiti Kebangsaan Malaysia.\r\n\r\n“Buku ini juga penting bagi calon storyteller, pencerita fakta, jurnalis, dan akademisi komunikasi.”\r\nSamiaji Bintang N., S.T., M.A., Dosen dan Ketua Program Studi Digital Journalism,\r\nFIKOM Universitas Multimedia Nusantara.\r\n\r\n“Buku ini akan sangat berguna untuk meningkatkan keterampilan dan pengetahuannya storytelling, dan juga para mahasiswa komunikasi dan jurnalistik yang juga ingin mengetahui lebih jauh.”\r\nDr. Ignatius Haryanto, pengajar jurnalistik\r\ndi Universitas Multimedia Nusantara, Serpong, Tangerang.\r\n\r\n“Saya mendorong siapa pun untuk membaca karya ini. Tak hanya sarat ilmu, buku ini juga memberi pengalaman membaca yang menyenangkan layaknya menikmati sebuah karya sastra.”\r\nDr. Firdanianty Pramono, M.Pd., dosen Ilmu Komunikasi\r\nUniversitas Pakuan dan mantan wartawan.', '1730811249.jpg', 15, '2024-11-04 23:24:01', '2024-11-05 19:39:31'),
('9786233289740', 3, 'Metodologi Penelitian Komunikasi Kualitatif', '67500.00', 'Dr. Fita Fathurokhmah, M.Si.', 'Bumi Aksara', '2024-06-30', 'Buku Metodologi Penelitian Komunikasi Kualitatif membawa pembaca ke dalam dunia penelitian ilmiah di bidang ilmu komunikasi dengan cermat dan filosofis. Buku ini memandu pembaca untuk memahami dan mendalami aspek-aspek ontologis, epistemologis, aksiologis, metodologis, dan retoris dalam paradigma keilmuan yang relevan. Dengan pedoman yang jelas, pembaca dapat mengidentifikasi fenomena atau masalah penelitian dalam komunikasi, serta mampu merancang proposal penelitian kualitatif yang komprehensif.\r\n\r\nSelain itu, buku ini membekali pembaca dengan pemahaman mendalam tentang berbagai teori komunikasi yang dapat digunakan dalam penelitian kualitatif, serta berbagai paradigma, metode, teknik pengumpulan data, dan teknik analisis data yang relevan.\r\n\r\nDengan pendekatan penelitian komunikasi kualitatif yang disajikan, pembaca akan memiliki pengetahuan yang kuat dan keterampilan yang dibutuhkan untuk mengembangkan penelitian berkualitas tinggi dalam bidang ilmu komunikasi. Buku ini menjadi panduan yang sangat berguna bagi mereka yang tertarik untuk memahami dan menguasai metodologi penelitian kualitatif dalam konteks komunikasi.', '1730811259.jpg', 20, '2024-11-04 23:24:01', '2024-11-05 19:39:46'),
('9786233289764', 23, 'Dasar-Dasar Pendidikan', '80000.00', 'Prof. Dr. Suyanto, M.Pd.', 'Bumi Aksara', '2024-07-17', 'Buku Dasar-Dasar Pendidikan adalah suatu karya yang merangkum berbagai aspek penting pendidikan, termasuk konsep dasar, landasan penyelenggaraan pendidikan, kurikulum dan pembaruannya, peran pendidik dan peserta didik, serta aspek masyarakat, kelembagaan, sarana-prasarana, dan evaluasi pendidikan. Melalui buku ini, pembaca akan dibawa kepada perspektif kekinian terkait pengorganisasian pendidikan di Indonesia.\r\n\r\nBuku ini membahas: 1) pendidikan dan kehidupan manusia; 2) aliran pendidikan; 3) landasan pendidikan; 4) tujuan dan fungsi pendidikan; 5) sistem kependidikan; 6) kurikulum; 7) pendidik dan tenaga kependidikan; 8) lembaga kependidikan; 9) peserta didik; 10) metode pembelajaran; 11) sarana dan prasarana kependidikan; serta 12) asesmen, penilaian, dan evaluasi kependidikan.', '1730816439.jpg', 15, '2024-11-05 01:43:21', '2024-11-05 19:56:48'),
('9786233330428', 21, 'Buku Pedoman Tata Laksana Akupunktur pada Kasus Kanker di Fasilitas Pelayanan Kesehatan', '75000.00', 'Wahyuningsih Djaali, Yoshua Viventius', 'UI PUBLISHING', '2021-06-15', 'Kebutuhan akan ketersediaan sumber kepustakaan yang lebih mudah untuk dimengerti dan juga aplikatif, sangat dibutuhkan oleh berbagai pihak, khususnya oleh pihak yang berhubungan dengan penyakit kanker. Oleh karena itu, buku “Buku Pedoman Tata Laksana Akupunktur pada Kasus Kanker di Fasilitas Pelayanan Kesehatan” ini telah disusun dengan tujuan agar ilmu akupunktur medik bisa menjadi lebih dikenal di masyarakat dan juga bisa lebih dimengerti, sehingga pihak nantinya akan ada semakin banyak pihak yang dapat mengambil manfaat dari cabang ilmu akupunktur ini.', '1730815846.jpg', 15, '2024-11-05 01:27:37', '2024-11-05 19:56:15'),
('9786233468909', 4, 'Membangun Peradaban Dunia', '89100.00', 'UNTUNG WIDYANTO, DKK.', 'Penerbit Buku Kompas', '2023-07-05', 'Taman Ismail Marzuki yang dibangun tahun 1968 diniatkan sebagai pusat kesenian yang bebas dari intervensi kekuasaan. Para seniman tidak ingin diatur-atur oleh partai dan penguasa politik seperti yang terjadi di era Demokrasi Terpimpin. Periode Gubernur Ali Sadikin, TIM benar-benar menjadi ekosistem kesenian yang menggairahkan seniman dengan karya-karyanya yang fenomenal.', '1730811493.jpg', 5, '2024-11-04 23:48:38', '2024-11-05 19:40:53'),
('9786233841900', 11, 'Hukum Hak Asuh Anak', '90000.00', 'M. Natsir Asnawi, S.H.I., M.H', 'Kencana Prenada Media', '2022-12-07', 'Ide pokok risalah ini terbagi ke dalam tiga bagian. Pertama, “kepentingan terbaik anak (the best interest of the child)” sebagai landasan tertinggi (paramount consideration) dalam memutus sengketa hak asuh anak. Pengasuhan “dianggap” sebagai hak orang tuanya, padahal yang seharusnya dikedepankan adalah kepentingan anak. Anak cenderung diposisikan sebagai “objek pengasuhan” padahal, anak adalah “subjek pengasuhan” itu sendiri. Konsepsi anak sebagai “subjek pengasuhan” ini yang seharusnya dikedepankan dalam menyelesaikan sengketa hak asuh anak, sehingga yang menjadi dasar pertimbangan dalam memutus adalah kepentingan terbaik bagi anak.\r\n\r\nDengan demikian, fokus pemeriksaan adalah bagaimana menjamin kepentingan terbaik anak, dengan menerapkan pola pengasuhan yang sesuai, apakah pengasuhan terpisah (split parenting) atau pengasuhan bersama kedua orang tuanya (shared parenting).\r\n\r\nKedua, penyelesaian sengketa hak asuh melalui mediasi. Penyelesaian sengketa hak asuh anak melalui mediasi memungkinkan para pihak untuk mengidentifikasi permasalahan-permasalahan yang terjadi selama ini serta mengungkap faktor-faktor yang tidak diketahui sebelumnya yang menimbulkan perselisihan di antara mereka. Sasaran yang ingin dicapai dalam mediasi hak asuh anak adalah meningkatkan kesadaran kedua orang tua bahwa mengasuh anak bukanlah hak melainkan kewajiban dari kedua orang tua yang tidak akan hilang karena adanya perceraian.\r\n\r\nKetiga, pengasuhan bersama (shared parenting) sebagai alternatif dalam tata laksana pengasuhan yang dimaksudkan: i) menjamin kepentingan terbaik bagi anak; ii) merawat interaksi dan kelekatan emosional anak dengan kedua orang tuanya; iii) menjaga tingkat partisipasi kedua orang tua dalam pengasuhan; dan iv) memulihkan hubungan interpersonal antar orang tua pasca- perceraian. Pengasuhan bersama merupakan gagasan yang berupaya mengimbangi praktik pengasuhan terpisah yang selama ini cenderung mengalienasi anak dari salah satu orang tua yang tidak mengasuh.', '1730814285.jpg', 5, '2024-11-05 00:42:18', '2024-11-05 19:48:15');
INSERT INTO `books` (`idBook`, `idCategory`, `titleBook`, `priceBook`, `authorBook`, `publisherBook`, `publishedBook`, `descriptionBook`, `coverBook`, `stockBook`, `created_at`, `updated_at`) VALUES
('9786233911771', 11, 'Pembuktian & Praktik Hukum Acara Pengadilan Niaga', '156000.00', 'Elyta Ras Ginting, S.H., LL. M.', 'Sinar Grafika', '2024-08-07', 'Buku ini mengulas secara komprehensif tentang hukum pembuktian di pengadilan niaga, khususnya dalam mengadili permohonan pailit dan penundaan kewajiban pembayaran utang (PKPU), Serta permohonan lain yang diatur oleh UU No. 37 Tahun 2004 tentang Kepailitan dan PKPU. Di dalamnya akan dimuat pembahasan mendalam mengenai permohonan pencabutan kepailitan, permohonan pengesahan (homologasi) perdamaian yang tercapai dalam proses kepailitan dan PKPU, serta permohonan pembatalan perdamaian, dan berakhirnya permohonan PKPU.\r\n\r\nBuku ini juga menyajikan aspek penting mengenai pembuktian dalam pemeriksaan perbantahan utang piutang yang muncul pada rapat pencocokan utang setelah debitur diputuskan pailit dan dibawa penyelesaiannya ke majelis prosedur renvoi. Selain itu, pembuktian terhadap gugatan lain yang diperiksa secara kontentiosa sebagai kewenangan pengadilan niaga juga akan dijelaskan, seperti gugatan actio pauliana dan perlawanan terhadap daftar pembagian hasil penjualan harta pailit.', '1730814295.jpg', 5, '2024-11-05 00:42:18', '2024-11-05 19:48:28'),
('9786233911788', 11, 'Hukum Perseroan Terbatas', '203000.00', 'Prof. Dr. Nindyo Pramono, S.H., M.S.', 'Sinar Grafika', '2024-08-07', 'Buku ini membahas secara komprehensif mengenai Hukum Perseroan Terbatas di Indonesia dan perbandingannya dengan beberapa negara yang menganut sistem hukum Anglo-Saxon atau Common Law dan Sistem Hukum Kontinental atau Civil Law, hingga lahirnya UU No. 6 Tahun 2023 tentang Cipta Kerja.\r\n\r\nPokok-pokok bahasan dalam buku ini meliputi pengertian perseroan terbatas sampai pembahasan mengenai pendirian, anggaran dasar, serta status badan hukum perseroan terbatas. Buku ini juga membahas karakteristik kekayaan terpisah sebagai modal perseroan terbatas, pandangan hukum bisnis terkait doktrin kekayaan terpisah, perubahan paradigma modal, perlindungan modal dan kekayaan, saham, dokumen perusahaan, tanggung jawab sosial perusahaan, organ perseroan terbatas beserta doktrinnya, merger, konsolidasi, akuisisi, pemeriksaan, pembubaran, serta perbandingan PT di beberapa negara.\r\n\r\nPembahasan tersebut juga dilengkapi dengan contoh kasus gugatan derivatif dan gugatan kepada direksi. Buku ini cocok untuk mahasiswa, praktisi hukum, dan pihak yang tertarik pada hukum perseroan terbatas dan perkembangannya.', '1730814305.jpg', 5, '2024-11-05 00:42:18', '2024-11-05 19:48:39'),
('9786234005318', 16, 'Belajar Terampil Membuat Pola Busana', '90000.00', 'Tika Rahma F.', 'Anak Hebat Indonesia', '2024-08-30', 'Isi dari buku ini terdiri dari cara pengambilan ukuran badan, cara membuat pola dasar, membuat macam-macam pola rok, membuat macam-macam pola lengan dan kerah, cara membuat busana wanita, cara membuat busana pria, dan cara pembuatan busana anak. Serta, mempelajari bagian bagian dalam busana untuk menentukan model dan desain yang ingin digunakan. Demi meningkatkan kebutuhan masyarakat akan berbusana yang baik, membuat banyak pihak dapat menekuni bidang ini.', '1730815254.jpg', 15, '2024-11-05 01:04:50', '2024-11-05 19:53:43'),
('9786234582468', 5, 'Orang-Orang yang Saya Kenang', '90000.00', 'Abdul Hadi Hamka', 'Gema Insani', '2024-09-29', 'Orang-Orang yang Saya Kenang karya Buya Hamka adalah persembahan istimewa dari seorang tokoh besar Indonesia. Dalam buku ini, Buya Hamka mengenang guru, sahabat, dan tokoh-tokoh Islam yang memberi pengaruh mendalam dalam hidupnya. Dengan kisah penuh kebijaksanaan dan spiritualitas, buku ini memberikan pelajaran berharga bagi kita semua.', '1730811752.jpg', 5, '2024-11-04 23:58:39', '2024-11-05 19:41:25'),
('9786235030241', 15, 'Parenting Education: Kekerasan pada Anak dan Dampaknya', '61000.00', 'Prof. Dr. Hj. Leli Halimah, M.Pd., dkk.', 'Pt. Refika Aditama', '2024-08-22', 'Buku Parenting Education: Kekerasan pada Anak dan Dampaknya menggali secara komprehensif isu-isu terkait kekerasan terhadap anak dalam konteks keluarga. Mulai dari anak dalam keluarga hingga tugas dan tanggung jawab orang tua, buku ini menjadi panduan yang penting bagi siapa pun yang ingin memahami dinamika hubungan orang tua-anak.', '1730815057.jpg', 15, '2024-11-05 01:01:17', '2024-11-05 19:53:00'),
('9786235070476', 3, 'Ekofiminisme Transformatif', '94500.00', 'Dr. Aji Septiaji, M.Pd.', 'Yrama Widya', '2024-07-10', 'Buku Ekofeminisme Transformatif hadir sebagai ketertarikan penulis terhadap penelitian kritik sastra ekologi dan kontribusi peran perempuan dalam karya sastra prosa fiksi yaitu cerita pendek. Adapun cerpen yang dijadikan bahan analisis ialah cerpen-cerpen pilihan surat kabar Kompas dari tahun 2010 sampai dengan 2015. Kompas sebagai surat kabar yang paling produktif dalam mempublikasikan karya-karya sastrawan Indonesia sejak 1992 menjadi barometer dalam memopulerkan kesusastraan surat kabar Indonesia.\r\n\r\nHadirnya buku Ekofeminisme Transformatif ini dapat menjadi referensi bagi mahasiswa dan dosen dalam mata kuliah rumpun kesusastraan khususnya mata kuliah kritik sastra sebab dalam buku ini penulis menyajikan kritik sastra baru sebagai alternatif pendekatan dalam mengkaji karya sastra yang berbasis relasi manusia, makanan, ekonomi, hewan, tumbuhan, dan budaya.', '1730811271.jpg', 15, '2024-11-04 23:24:01', '2024-11-05 19:40:05'),
('9786235070612', 23, 'Menjadi Kepala Sekolah Inovatif', '67000.00', 'Annisa, Suryadi, Ivan Hanafi', 'Yrama Widya', '2024-09-28', 'Melalui buku Menjadi Kepala Sekolah Inovatif ini, dikemukakan gagasan dan strategi yang bertujuan untuk meningkatkan perilaku inovatif kepala sekolah melalui tiga pilar utama. Pertama, penguatan efikasi diri sebagai kunci sukses dalam mencapai keberhasilan, dengan membangun keyakinan terhadap kemampuan diri untuk menyelesaikan masalah dan merespon tantangan yang dihadapi oleh sekolah. Kedua, pengembangan iklim organisasi sekolah, di mana harmoni antara lingkungan fisik dan lingkungan sosial dapat mendorong kreativitas dan perilaku inovatif. Ketiga, peningkatan intensitas knowledge sharing yang memfasilitasi proses pertukaran informasi untuk membangun pemahaman bersama dan pengembangan gagasan guna mendukung perilaku inovatif.', '1730816445.jpg', 15, '2024-11-05 01:43:21', '2024-11-05 19:56:58'),
('9786235150260', 13, 'Pokok-Pokok Teori Ilmu Politik', '50000.00', 'Muhammad Ghufron', 'Anak Hebat Indonesia', '2024-09-24', 'Buku ini dimaksudkan untuk melihat, menelaah, dan membedah berbagai hal yang berkaitan dengan politik, terutama sebagai pijakan bagi berbagai pihak untuk mendalami berbagai literatur politik secara lebih luas. Oleh karena itu, berbagai kata kunci penting dalam ilmu politik disajikan secara apa adanya dalam buku ini. Pembaca akan menjumpai berbagai hal, mulai dari sejarah dan perkembangan ilmu politik, konsep penting dalam ilmu politik, relasi ilmu politik dengan disiplin ilmu lain, serta berbagai hal yang menyangkut berbagai proses dan praktik politik disajikan dalam buku ini. Berbagai kata kunci tersebut merupakan salah satu bagian fundamental dalam kajian ilmu politik yang tidak bisa diabaikan begitu saja.', '1730861514.jpg', 15, '2024-11-05 00:54:15', '2024-11-05 19:52:11'),
('9786235150925', 9, 'Jalan Menuju Kebahagiaan', '65000.00', 'Lucius Annaeus Seneca', 'Anak Hebat Indonesia', '2024-09-06', 'Jalan Menuju Kebahagiaan adalah kumpulan esai dan surat oleh filsuf Stoik Lucius Annaeus Seneca. Buku ini dibagi menjadi beberapa bagian, masing-masing membahas aspek berbeda dari kehidupan manusia dan filsafat moral.\r\n\r\nSeneca membahas prinsip-prinsip kehidupan yang baik dan bahagia. Dia menekankan pentingnya kebajikan dan kebijaksanaan, berpendapat bahwa kebahagiaan sejati datang dari dalam diri dan tidak bergantung pada keadaan eksternal. Seneca memberi nasihat tentang bagaimana menjalani hidup sesuai dengan alam, menyoroti nilai pengendalian diri, kesederhanaan, dan pemikiran rasional.', '1730813651.jpg', 15, '2024-11-05 00:28:58', '2024-11-05 19:46:15'),
('9786235151120', 6, 'Digital Marketing di Era 6.0', '58000.00', 'Riadhus Sholihin', 'Anak Hebat Indonesia', '2024-09-03', 'Pemasaran di era digital tidak lagi hanya berfokus pada suatu proses kegiatan menyampaikan barang dan jasa kepada konsumen. Namun, kegiatan pemasaran di era industri menuju 6.0 ini memiliki jangkauan yang lebih luas dan mencakup kepuasan para konsumen atau pelanggan. Dewasa ini penjual atau produsen secara umum memahami bahwa pasar digital mempunyai potensi yang sangat menjanjikan. Sebab, perkembangan tersebut secara tidak langsung menghilangkan hambatan-hambatan yang sebelumnya membatasi suatu persaingan. Selain itu, perkembangan tersebut juga memotivasi para kompetitor baru untuk masuk ke dalam pasar.', '1730813021.jpg', 5, '2024-11-05 00:07:10', '2024-11-05 19:42:15'),
('9786235151625', 24, 'Raja dan Ratu Ternama di Tanah Jawa', '44000.00', 'Eka Purnama Mustikaningtyas', 'Anak Hebat Indonesia', '2024-10-13', 'Buku ini terdiri dari dua puluh bab yang mengurai era pemerintahan raja dan ratu, mulai dari kerajaan bercorak Hindu, Hindu-Buddha, hingga kesultanan Islam. Setiap bab menghidupkan kembali semangat kepahlawanan dan kebijaksanaan para tokoh besar.', '1730816534.jpg', 15, '2024-11-05 01:46:36', '2024-11-05 19:57:31'),
('9786235151885', 14, 'Mitologi : Kisah Dewa dan Pahlawan di Seluruh Dunia', '60500.00', 'Dwi Adi Wicaksono', 'Anak Hebat Indonesia', '2024-10-15', 'Cerita mitos hingga kini tidak dapat lepas dari kehidupan sehari-hari kita. Meskipun telah berusia ratusan tahun, narasi ini terus diceritakan secara turun-temurun, bahkan menjadi bagian dari budaya populer masa kini. Banyak film, animasi, hingga novel terinspirasi oleh cerita kuno tersebut, memperkaya imajinasi kita dengan petualangan yang luar biasa dan karakter yang mendalam.', '1730814831.jpg', 15, '2024-11-05 00:58:11', '2024-11-05 19:52:34'),
('9786235151984', 9, 'Madilog : Materialisme, Dialektika, dan Logika', '130000.00', 'Tan Malaka', 'Anak Hebat Indonesia', '2024-11-02', 'Harus diakui, Madilog adalah karya Tan Malaka yang brilian sekaligus orisinal meski isi bahasannya mendatangkan pro dan kontra. Madilog adalah bukti kecerdasan Tan Malaka dalam meramu secara lengkap gagasannya yang revolusioner, didasarkan pada paradigma materialistis Barat, tetapi dipadukan dengan pergolakan dan pergulatan pemikirannya di dunia Timur.', '1730813657.jpg', 50, '2024-11-05 00:28:58', '2024-11-05 19:46:24'),
('9786235152066', 6, 'Panduan Lengkap Akuntansi untuk UMKM', '37000.00', 'Astuti, S.Sy.', 'Anak Hebat Indonesia', '2024-10-01', 'Materi pokok yang dibahas di dalam buku ini meliputi:\r\n1. Jenis-jenis Perusahaan dan Badan Usaha,\r\n2. Siklus Akuntansi,\r\n3. Persamaan Dasar Akuntansi,\r\n4. Analisis Transaksi dan Jurnal,\r\n5. Jurnal Penyesuaian,\r\n6. Posting dan Buku Besar,\r\n7. Neraca Saldo,\r\n8. Laporan Keuangan Perusahaan Dagang,\r\n9. Sistem Pencatatan dan Metode Penilaian Persediaan Barang,\r\n10. Ilustrasi Penyelesaian Siklus Akuntansi Perusahaan Dagang, dan lainnya.', '1730813032.jpg', 5, '2024-11-05 00:07:10', '2024-11-05 19:42:25'),
('9786235266367', 8, 'Nikola Maldini', '90000.00', 'Kale', 'Cloud Books', '2023-06-22', 'Nikola adalah pecinta karya sastra, Mikha juga sama. Tanpa keduanya sadari mereka telah memiliki keterhubungan satu sama lain. Buku sketsa yang berisi coretan Mikha, pengetahuan Nikola akan segala hal, lembar-lembar puisi, kata-kata manis yang bisa sampai menggigit bibir, dan juga jerih payah keduanya dalam mencoba untuk menggapai semua keinginannya masing-masing berhasil mengukir jalan menuju sebuah mimpi buruk serta keraguan yang harus segera dimusnahkan.\r\n\r\nHidup harus terus berjalan. Yang kalah gugur, dan yang menang akan mendapatkan semua keinginannya. Pertanyaannya, apakah Nikola dan Mikha bisa menjadi seorang pemenang?', '1730813494.jpg', 5, '2024-11-05 00:22:11', '2024-11-05 19:45:56'),
('9786235338194', 12, 'Komik Pesantren Keren Reborn El Sudah Gede', '54000.00', 'Tethy Ezokanzo, Dkk', 'pustaka al-kautsar kids', '2023-08-12', 'Alhamdulillah, El resmi jadi anak Aliyah! Bakal belajar hal-hal baru, ketemu teman baru, dan sudah boleh naksir cewek, kan?\r\n\r\nEits, nanti dulu. Semakin tinggi jenjang belajarnya, tanggung jawab juga lebih besar, dong. Ada adab yang harus dijaga dan ilmu yang harus dipelajari.\r\n\r\nYaah, enggak bisa have fun, dong? Tenang, El dan kawan-kawan tetap have fun, kok.\r\n\r\nAyo, kita ikuti keseruan El, Baim, dan Aan selama jadi anak Aliyah.', '1730814441.jpg', 15, '2024-11-05 00:50:07', '2024-11-05 19:49:43'),
('9786235480312', 1, 'Fiqih Muslim: Problematika Kaum Laki-laki', '59000.00', 'Mikail Khonsu', 'Graha Publishing', '2024-10-30', 'Fiqih Muslim : Problematika Laki-laki adalah sebuah buku yang menggali masalah dan permasalahan yang dihadapi oleh kaum laki-laki dalam kehidupan sehari-hari, dengan pendekatan islam.\r\n\r\nBuku ini membahas berbagai aspek kehidupan laki-laki mulai dari peran dalam keluarga , pekerjaan, hubungan sosial, kesehatan, hingga spiritualitas , dan menyajikan solusi - solusi berdasarkan islam untuk mengatasi tantangan tersebut.\r\n\r\nMelalui buku ini, pembaca akan diajak untuk memahami hak dan kewajiban kaum laki laki dalam islam serta bagaimana mereka dapat menjalankan peranya dengan baik dalam kehidupan. Selain itu buku ini juga membahas berbagai masalah sosial yang sering dihadapi oleh kaum laki laki seperti pernikahan, poligami, pergaulan bebas, kesehatan reproduksi tantangan tantangan dalam menjaga spiritualitas dan akhlak dalam kehidupan sehari-hari.\r\n\r\nDengan hadirnya buku ini, pembaca diharapkan dapat memahami pokok pokok bahasan yang disajikan dalam buku Fiqih Muslim.', '1730781276.jpg', 80, '2024-11-04 21:34:36', '2024-11-04 21:34:36'),
('9786235495163', 23, 'Kurikulum yang Memberdayakan Konteks', '100000.00', 'Najelaa Shihab, Bukik Setiawan', 'Literati', '2023-08-20', 'Anda juga mendapatkan penjelasan mengenai kurikulum Sekolah Cikal dan Sekolah Murid Merdeka sebagai contoh penerapannya. Bagian kedua buku ini terbagi menjadi 6 bab, diawali dengan pengantar Bukik Setiawan, diikuti berbagai cerita praktik baik pembelajaran dari guru-guru terpilih. Anda bisa langsung memilih praktik pembelajaran yang cocok diterapkan di kelas Anda, mulai dari tingkat PAUD hingga pendidikan menengah. Hadirnya buku ini tidak dapat lepas dari kegiatan tahunan Yayasan Guru Belajar, Temu Pendidik Nusantara (TPN) 9 pada 2022 lalu.', '1730816451.jpg', 15, '2024-11-05 01:43:21', '2024-11-05 19:57:06'),
('9786236007044', 20, 'Matriks Persamaan Linier dan Pemrograman Linier Edisi 3', '135000.00', 'Prof. Dr. Ruminta', 'Rekayasa Sains', '2024-02-23', 'Buku ini disusun berdasarkan pengalaman sebagai pengajar mata kuliah Matematika di Fakultas Pertanian Universitas Padjadjaran dan hasil studi literatur tentang Aljabar Linier, mendapat kesan betapa sulit memahami Matriks, Persamaan Linier, dan Pemrograman Linier secara kompehensif.', '1730815753.jpg', 15, '2024-11-05 01:24:16', '2024-11-05 19:55:41'),
('9786236083987', 14, 'Bullshit Jobs', '143000.00', 'David Graeber', 'Renebook', '2024-10-28', 'Bullshit Jobs adalah panggilan bagi kita untuk memikirkan kembali apa arti bekerja dan bagaimana kita menghargai waktu kita. Buku ini bukan hanya sebuah kritik tajam terhadap tatanan ekonomi, melainkan juga sebuah seruan untuk menemukan kembali arti hidup yang sesungguhnya di luar batas-batas pekerjaan yang tak berarti.', '1730814838.jpg', 15, '2024-11-05 00:58:11', '2024-11-05 19:52:43'),
('9786236421611', 25, 'Teladan Dari Tiongkok', '105000.00', 'Dahlan Iskan', 'Pustaka Obor Indonesia', '2017-07-17', 'Apa saja yang dilakukan pemerintahnya sehingga Tiongkok bisa sehebat itu? Buku ini menyuguhkan jawabannya dengan ragam cerita hasil tulisan Dahlan Iskan yang menarik untuk dibaca, mulai dari Tiongkok dan pemerintahan komunisnya, pembangunan besar-besaran yang dilakukan Tiongkok, digitalisasi dan pemerataan ekonomi, serta politik Tiongkok dan hubungan luar negerinya.', '1730816618.jpg', 15, '2024-11-05 01:51:05', '2024-11-05 19:58:12'),
('9786237014409', 2, 'Spirituality & Humanity: spiritualitas-cinta-kemanusiaan', '42300.00', 'Jalaluddin Rumi', 'Stomata', '2024-07-03', 'Karya-karya Jalaluddin Rumi dipersembahkan untuk semesta. Rumi mengajarkan bahwa ekstase cinta dan kemanusiaan adalah bagian penting untuk mencapai kedekatan pada Tuhan dan semesta.\r\n\r\nLewat jalan manakah kedamaian yang diidam-idamkan manusia? Membaca dan merenungkan karya-karya Rumi adalah pintu kecil untuk memperoleh jawabannya. Nilai-nilai spiritualitas dan kemanusiaan (humanisme) menjadi kunci kembalinya harmoni.\r\n\r\nRumi bak air bening tempat berkaca. Mengajak kita berpikir, ‘terbang tinggi’ lalu kembali pada hati Nurani, pada jiwa manusia.\r\n\r\nBila Anda butuh tenang, dalam masa healing time, baca karya Rumi ini, dan temukan keteduhannya. Lalu hadirlah sebagai insan dengan semangat baru.', '1730810962.jpg', 20, '2024-11-04 22:57:04', '2024-11-05 09:42:11'),
('9786237537243', 5, 'Babad Mangir: Kisah dan Sejarah Ki Ageng Mangir', '77000.00', 'Gunawan', 'Araska Publisher', '2024-05-09', 'Buku ini menyajikan strategi-strategi Mataram dalam menaklukkan lawan-lawan politiknya, terutama Ki Ageng Mangir. Juga dikisahkan perlawanan Ki Ageng Mangir terhadap kekuasaan Mataram yang berakhir tragis. Sang raja berusaha keras untuk menundukkan Ki Ageng Mangir, tetapi strategi demi strategi gagal total. Akhirnya Ki Ageng Mangir dijebak dengan cinta. la tidak berkutik.', '1730811759.jpg', 5, '2024-11-04 23:58:39', '2024-11-05 19:41:34'),
('9786237537946', 12, 'Ketawa Ambyar Ala Santri', '58000.00', 'Muhammad Muhibbuddin', 'Araska Publisher', '2023-02-06', 'Ketawa ambyar ala santri ngaji kebahagian dengan humor-humor sufi para wali dan kiai pada setiap sejarah hidup seseorang, pasti terselip kisah-kisah yang menyertai perjalanan hidup seseorang tersebut. Demikian pula pada diri seorang wali dan kiai. Sejarah hidup mereka dipenuhi kisah kisah yang penuh makna dan dapat menjadi inspirasi bagi umat pada masa hidupnya dan juga pada umat pada generasi berikutnya.', '1730814446.jpg', 25, '2024-11-05 00:50:07', '2024-11-05 19:49:51'),
('9786238019151', 18, 'Komik Sultan Shalahuddin #3 Prahara Hattin', '88000.00', 'Handri Satria,Sayf Muhammad Isa', 'Salsabila', '2023-09-12', 'Shalahuddin Ayyubi, yang juga dikenal sebagai Saladin. Salahuddin Ayyubi adalah seorang pemimpin militer dan negarawan Muslim yang terkenal pada abad ke-12. Dia terkenal karena perannya dalam Perang Salib dan dalam merebut kembali Yerusalem dari para Tentara Salib pada tahun 1187. Salahuddin Ayyubi adalah pendiri dinasti Ayyubiyah dan dihormati sebagai pahlawan dalam sejarah Islam.', '1730815547.jpg', 15, '2024-11-05 01:13:01', '2024-11-05 19:54:38'),
('9786238108725', 2, 'Moderasi Beragama dan Pergulatan Wacana dalam Ruang Publik', '90000.00', 'Prof. Dr. Aksin Wijaya, dkk.', 'Ircisod', '2024-10-22', 'Buku yang ditulis Prof. Dr. Aksin Wijaya dkk. ini bisa menjadi salah satu rujukan dalam memperdalam penguatan moderasi beragama yang diamanatkan oleh pemerintah. Di dalamnya, kita bukan hanya akan mendapati moderasi beragama dalam tataran konsep-konsep abstrak, melainkan juga variasi metode dan langkah-langkah praksis yang dapat diupayakan.\r\n\r\nBuku ini mengusung misi bahwa kesadaran menyuarakan moderasi beragama di ruang publik harus dilakukan sebagai sebuah gerakan. Harus dipastikan bahwa menyuarakannya merupakan bagian dari dakwah. Karena itu, tulisan para tokoh agama, akademisi, dan praktisi kerukunan umat beragama yang terkumpul di buku ini sangat kita tunggu untuk semakin membumikan gagasan moderasi beragama dengan berbagai saluran. Darinya, diharapkan kesadaran kita kian terbuka bahwa yang kita perlukan bukanlah memaksakan persamaan, melainkan menghargai perbedaan.', '1730810853.jpg', 15, '2024-11-04 22:57:04', '2024-11-05 09:42:30'),
('9786238398225', 3, 'Buku Pedoman EYD V (Ejaan Yang Disempurnakan) Superlengkap', '40500.00', 'Tristanti Tri Wahyuni', 'Terang Sejati', '2024-06-03', 'Bahasa Indonesia merupakan bahasa resmi yang digunakan oleh bangsa Indonesia. Sejak ditetapkan pada 28 Oktober 1928, bersamaan dengan momen Sumpah Pemuda. Baik secara lisan maupun tulisan, bahasa Indonesia berkembang dengan cukup dinamis. Hal ini sesuai dengan sifat dari bahasa itu sendiri yang arbitrer. Tahun 2022, Badan Pengembangan dan Pembinaan Bahasa, Kementerian Pendidikan dan Kebudayaan Republik Indonesia, secara khusus telah merumuskan pembaruan pedoman penulisan ejaan bahasa Indonesia edisi kelima (EYD V). EYD edisi kelima ini merupakan pemutakhiran dari pedoman ejaan sebelumnya, yaitu Pedoman Umum Ejaan Bahasa Indonesia (PUEBI) yang ditetapkan oleh Keputusan Kepala Badan No. 0321/I/BS.00.00/2021.', '1730811281.png', 12, '2024-11-04 23:24:01', '2024-11-05 19:40:17'),
('9786238398409', 1, '50 Doa Bersama Bapa Suci Fransiskus', '53000.00', 'Jorgi Sonda', 'Terang Sejati', '2024-09-11', 'Buku ini menyajikan kumpulan teks doa sehari-hari yang dapat didoakan oleh setiap umat. Untuk memperdalam kualitas pengalaman doa pembaca, dalam buku ini akan disertakan kisah-kisah peristiwa hidup Bapa Paus Fransiskus. Harapannya setiap umat Katolik yang membaca Kisah Penyertaan Tuhan dalam hidup Bapa suci, terdorong untuk berdoa dan menyadari juga penyertaan Tuhan dalam hidupnya.', '1730783804.jpg', 45, '2024-11-04 22:10:00', '2024-11-05 09:38:54'),
('9786238398478', 1, '50 Doa Orang Muda Katolik', '59000.00', 'Jorgi Sonda', 'Terang Sejati', '2024-10-09', 'Buku ini merupakan buku doa yang dikonsep dengan dua keunggulan, yaitu seri katekese iman dan sharing pergumulan hidup sebagai remaia katolik. Seri katekese iman diserikan dari Youcat - Katekismus Gereja Katolik untuk orang muda. Sharing pergumulan hidup sebagai remaja katolik yang ada dalam buku ini diperoleh dari wawancara dengan Wandi Murti - man behind akun TikTok @suka_sembahyang.', '1730783825.jpg', 45, '2024-11-04 22:10:00', '2024-11-05 09:39:16'),
('9786238503872', 15, 'Touch Your Kids Heart', '100000.00', 'Toshitaka Nomi', 'Rumah Baca', '2024-10-03', 'Karakter dengan golongan darah, adakah hubungannya? Mengapa ada perusahaan di Jepang yang dalam proses penerimaan karyawannya hanya menerima karyawan bergolongan darah A saja. Kemudian, apakah benar anak bergolongan darah AB seperti punya dua kepribadian? Lalu, mengapa ada orang tua yang selalu bertentangan dengan anaknya? Dan, mengapa ada anak yang susah dimengerti?', '1730815064.jpg', 15, '2024-11-05 01:01:17', '2024-11-05 19:53:12'),
('9786238848638', 5, 'The Prabowo Mind', '98000.00', 'Frans Meroga Panggabean, Bayu Endro Winarko', 'Mata Nara Progresif', '2024-10-11', 'Koperasi\r\n\r\nDi bawah langit Indonesia yang biru terhamparlah sebuah keindahan koperasi, seperti salad yang menyegarkan menggabungkan beragam warna dan cita rasa\r\n\r\nDari Sabang hingga Merauke koperasi menjadi jalinan persatuan petani, nelayan, pedagang kecil bersatu dalam kerja dan harapan\r\n\r\nSeperti wortel yang kokoh menancap petani kita berdiri teguh mengolah tanah dengan cinta dan kasih menyuburkan ladang-ladang penuh harapan\r\n\r\nIkan laut yang melompat-lompat nelayan kita berlayar jauh menangkap harapan di samudra luas untuk keluarga, untuk negeri tercinta\r\n\r\nTomat merah menggoda selera pedagang kecil berjalan di pasar menawarkan barang dagangan dengan senyum membangun ekonomi yang berkelanjutan\r\n\r\nDi meja makan bangsa yang merah putih Menu koperasi menjadi hidangan utama simbol kebersamaan dan keadilan yang menyatukan Indonesia dalam keberagaman\r\n\r\nFrans Meroga Panggabean', '1730811729.jpg', 5, '2024-11-04 23:58:39', '2024-11-05 19:41:44'),
('9786238849093', 1, 'Aku Mencium Aroma Bapak & Ibu', '62100.00', 'Josse Tama SCJ', 'Rumah Dehonian', '2024-09-29', 'Catatan ini bukan saja tentang diriku, tapi tentang Tuhan yang mengasihiku dalam rumah kecilku yang kusebut: keluarga. Mencium aroma Bapak dan bu sama halnya merasakan kehadiran Tuhan yang tak selalu mudah dicerna. Aroma yang tercium itu ber gumul dalam peristiwa kedukaan, kekecewaan, penyesalan, tangisan. Derasaan marah, dan tak berdaya.\r\n\r\nNamun, aroma itu juga yang menumbuhkan rasa cinta, syukur, dan damai yang seakan menarikku untuk segera datang mencicipi setiap rasanya. Aroma yang muncul pada saat-saat diriku tak berdaya dan menarik diriku untuk berserah tentang apa saja yang terjadi dalam hidup ini.', '1730783897.jpg', 12, '2024-11-04 22:10:00', '2024-11-05 09:39:50'),
('9786238870875', 6, 'Sindikasipedia : A to Z Pembiayaan Sindikasi untuk Banker Pemula', '54000.00', 'Sunu Widi Purwoko', 'Media Luhur Sentosa', '2024-03-15', 'Buku ini membahas pentingnya pengetahuan dan pemahaman tentang \"A to Z pembiayaan sindikasi\" untuk para pihak yang bertugas memproses pembiayaan sindikasi terutama banker-banker muda yang ingin belajar sindikasi atau pemula dalam proses pembiayaan sindikasi, baik dalam kedudukan sebagai arranger, underwriter, kreditur partisipan atau agen. Urgensi tersebut sangat nyata karena tidak semua pembiayaan sindikasi yang dijalankan beberapa tahun belakangan ini pun dapat berjalan mulus tanpa permasalahan. Pengetahuan dan pemahaman tentang pembiayaan sindikasi menjadi semakin relevan dan penting karena di pembiayaan sindikasi akan tahun-tahun mendatang, semakin banyak diberikan untuk mendukung pembangunan proyek-proyek prestisius di Indonesia.', '1730813038.jpg', 15, '2024-11-05 00:07:10', '2024-11-05 19:42:35'),
('9786238903566', 9, 'Zarathustra', '70000.00', 'Friedrich Nietzsche', 'Cakrawala Sketsa Mandiri Cv', '2024-08-24', 'Zarathustra adalah karya klasik Friedrich Nietzsche, yang berisi esai panjang. Mengisahkan seorang tokoh bernama Zarathustra dalam pengembaraannya mencari \"manusia unggul\". Pencarian ini dilatarbelakangi oleh kemunduran religiusitas, moralitas, dan intelektualitas manusia-manusia lama.', '1730813667.jpg', 5, '2024-11-05 00:28:58', '2024-11-05 19:46:32'),
('9786239307967', 9, 'The Entire City', '113000.00', 'Ian Dallas', 'Mahkamah', '2024-09-14', 'The Entire City mengetengahkan matang Sejarah peradaban barat. Ditulis oleh lan Dallas, ulama besar yang lahir dari Skotlandia, Eropa. Buku ini mengupas ulasan tiga essai: \'Vindiciae Contra Tyrannos\' karya Dupplesis Mornay, Massacre at Paris karya Christopher Marlowe dan drama Oedipus dan Dyonisus karya lan Dallas. Ketiga essai itu memberikan jawaban perihal peradaban modernisme kini. Kota ideal harus dibangun kaum ber-Tauhid. Bak Madinah al Munawarah.\r\n\r\n\"The Entire City\" adalah buku masterpiece dari lan Dallas (Shaykh Abdalqadir as sufi).', '1730813676.jpg', 5, '2024-11-05 00:28:58', '2024-11-05 19:46:40'),
('9789790065994', 25, 'Biogas Solusi Energi', '55000.00', 'Sri Wahyuni', 'Kawah Media', '2017-07-12', 'Melalui buku Biogas Solusi Energi ini, penulis akan memaparkan konsep pertanian terpadu yang merupakan integrasi dan sistem biogas, usaha peternakan, pertanian, dan perikanan yang dapat dijalankan bersama pada suatu kawasan atau wilayah dengan luasan tertentu. Dengan demikian, selain mendapatkan hasil pertanian, masyarakat juga mendapatkan energi cuma-cuma dari biogas sebagai pengganti listrik, BBM, dan gas.\r\n\r\nMelalui buku ini, penulis berharap semakin banyak daerah di negeri ini yang dapat menjalankan sistem pertanian terpadu dan biogas, sehingga setiap daerah terutama perdesaan dapat memiliki kemandirian pangan dan energi.\r\n\r\nBuku ini juga berisi materi berupa:\r\n- Membangun instalasi biogas dan perawatannya\r\n- Menghasilkan biogas dari limbah ternak, limbah pertanian dan sampah organik\r\n- Memanfaatkan limbah biogas untuk pupuk organik, biourine dan pakan lele\r\n- Menerapkan sistem pertanian, perkebunan dan peternakan terintegrasi berkat biogas', '1730816625.jpg', 15, '2024-11-05 01:51:05', '2024-11-05 19:58:29'),
('9789797578275', 1, 'Panduan Muslimah Jatuh Cinta Lewat Jalur Langit', '75000.00', 'Rizki Ayu Amaliah', 'Kawan Pustaka', '2024-10-18', 'Untukmu yang sedang jatuh cinta, buku ini istimewa. Mengagumi seseorang sekadarnya, mencintai sewajarnya. Buatlah hatimu utuh, jadilah pribadi yang tangguh, dan yakinlah cinta Allah akan penuh. Karena sejatinya cinta itu adalah mendekatkan pada Sang Pemilik Hati. Maka, tuntun saja hatimu untuk menemukan dan jatuh pada orang yang tepat.\r\n\r\nDan, jika sampai saat ini tidak berjalan sesuai asa bahkan tak kunjung hadir menyapa, jadikanlah sebagai pembelajaran hidup yang berharga. Sadarilah, kisah cintamu mungkin tidak semenakjubkan Ali bin Abi Thalib dan Fatimah, putri kesayangan Rasulullah. Tapi yakinlah kamu bisa menciptakan kisah dengan versi terbaik yang Allah ridai.\r\n\r\nBuku ini memberi tips dan panduan jatuh cinta tanpa ugal-ugalan, bangkit dari patah hati, bergegas menata diri, dan bersiap menjemput cinta sejati dari Ilahi.', '1730783911.jpg', 15, '2024-11-04 22:10:00', '2024-11-05 09:40:39'),
('9790902191227', 22, 'Melody Pop Hits : Piano & Gitar', '62000.00', 'Eureka Julius Teruna Ryan', 'Anak Hebat Indonesia', '2023-09-06', 'Buku ini digunakan untuk alat musik piano/keyboard, tetapi tidak menutup kemungkinan menggunakan alat musik lain karena sudah dilengkapi dengan akord & lirik. Untuk memenuhi kebutuhan Anda dalam bermain piano, kami menghadirkan buku MELODY POP HITS. Buku ini berisi lagu-lagu kekinian yang nada dasar dan alur lagunya sudah sesuai dengan lagu asli sehingga lebih mudah belajarnya sambil mendengarkan lagu aslinya.', '1730816348.jpg', 15, '2024-11-05 01:36:50', '2024-11-05 19:56:40');

-- --------------------------------------------------------

--
-- Table structure for table `categories`
--

CREATE TABLE `categories` (
  `id` bigint UNSIGNED NOT NULL,
  `titleCategory` varchar(255) COLLATE utf8mb4_unicode_ci NOT NULL,
  `created_at` timestamp NULL DEFAULT NULL,
  `updated_at` timestamp NULL DEFAULT NULL
) ENGINE=InnoDB DEFAULT CHARSET=utf8mb4 COLLATE=utf8mb4_unicode_ci;

--
-- Dumping data for table `categories`
--

INSERT INTO `categories` (`id`, `titleCategory`, `created_at`, `updated_at`) VALUES
(1, 'Agama', NULL, NULL),
(2, 'Spiritualitas', NULL, NULL),
(3, 'Aliran & Gaya Bahasa', NULL, NULL),
(4, 'Arsitektur', NULL, NULL),
(5, 'Biografi & Autobiografi', NULL, NULL),
(6, 'Bisnis & Ekonomi', NULL, NULL),
(7, 'Desain', NULL, NULL),
(8, 'Fiksi', NULL, NULL),
(9, 'Filsafat', NULL, NULL),
(10, 'Fotografi', NULL, NULL),
(11, 'Hukum', NULL, NULL),
(12, 'Humor', NULL, NULL),
(13, 'Ilmu Politik', NULL, NULL),
(14, 'Ilmu Sosial', NULL, NULL),
(15, 'Keluarga & Hubungan', NULL, NULL),
(16, 'Fashion', NULL, NULL),
(17, 'Kesehatan & Kebugaran', NULL, NULL),
(18, 'Komik & Novel Grafis', NULL, NULL),
(19, 'Komputer', NULL, NULL),
(20, 'Matematika', NULL, NULL),
(21, 'Medis', NULL, NULL),
(22, 'Musik', NULL, NULL),
(23, 'Pendidikan', NULL, NULL),
(24, 'Sejarah', NULL, NULL),
(25, 'Teknologi & Teknik', NULL, NULL);

-- --------------------------------------------------------

--
-- Table structure for table `migrations`
--

CREATE TABLE `migrations` (
  `id` int UNSIGNED NOT NULL,
  `migration` varchar(255) COLLATE utf8mb4_unicode_ci NOT NULL,
  `batch` int NOT NULL
) ENGINE=InnoDB DEFAULT CHARSET=utf8mb4 COLLATE=utf8mb4_unicode_ci;

--
-- Dumping data for table `migrations`
--

INSERT INTO `migrations` (`id`, `migration`, `batch`) VALUES
(1, '2024_11_04_130654_create_categories_table', 1),
(2, '2024_11_04_130637_create_books_table', 2),
(3, '2024_11_04_130702_create_users_table', 3),
(4, '2014_10_12_100000_create_password_reset_tokens_table', 4),
(5, '2019_12_14_000001_create_personal_access_tokens_table', 5),
(7, '2024_11_04_130709_create_sales_table', 6),
(8, '2024_11_04_140733_add_role_to_users_table', 7),
(9, '2024_11_05_042900_change_id_book_to_isbn_in_books_table', 8);

-- --------------------------------------------------------

--
-- Table structure for table `password_reset_tokens`
--

CREATE TABLE `password_reset_tokens` (
  `email` varchar(255) COLLATE utf8mb4_unicode_ci NOT NULL,
  `token` varchar(255) COLLATE utf8mb4_unicode_ci NOT NULL,
  `created_at` timestamp NULL DEFAULT NULL
) ENGINE=InnoDB DEFAULT CHARSET=utf8mb4 COLLATE=utf8mb4_unicode_ci;

-- --------------------------------------------------------

--
-- Table structure for table `personal_access_tokens`
--

CREATE TABLE `personal_access_tokens` (
  `id` bigint UNSIGNED NOT NULL,
  `tokenable_type` varchar(255) COLLATE utf8mb4_unicode_ci NOT NULL,
  `tokenable_id` bigint UNSIGNED NOT NULL,
  `name` varchar(255) COLLATE utf8mb4_unicode_ci NOT NULL,
  `token` varchar(64) COLLATE utf8mb4_unicode_ci NOT NULL,
  `abilities` text COLLATE utf8mb4_unicode_ci,
  `last_used_at` timestamp NULL DEFAULT NULL,
  `expires_at` timestamp NULL DEFAULT NULL,
  `created_at` timestamp NULL DEFAULT NULL,
  `updated_at` timestamp NULL DEFAULT NULL
) ENGINE=InnoDB DEFAULT CHARSET=utf8mb4 COLLATE=utf8mb4_unicode_ci;

-- --------------------------------------------------------

--
-- Table structure for table `sales`
--

CREATE TABLE `sales` (
  `idSales` bigint UNSIGNED NOT NULL,
  `idBook` bigint UNSIGNED NOT NULL,
  `idUser` bigint UNSIGNED NOT NULL,
  `userName` varchar(255) COLLATE utf8mb4_unicode_ci NOT NULL,
  `userNumberPhone` varchar(255) COLLATE utf8mb4_unicode_ci NOT NULL,
  `province` varchar(255) COLLATE utf8mb4_unicode_ci NOT NULL,
  `city` varchar(255) COLLATE utf8mb4_unicode_ci NOT NULL,
  `postalCode` varchar(255) COLLATE utf8mb4_unicode_ci NOT NULL,
  `fullAddress` text COLLATE utf8mb4_unicode_ci NOT NULL,
  `shippingCost` decimal(10,2) NOT NULL,
  `quantity` int NOT NULL,
  `totalPrice` decimal(15,2) NOT NULL,
  `purchaseDate` date NOT NULL,
  `created_at` timestamp NULL DEFAULT NULL,
  `updated_at` timestamp NULL DEFAULT NULL
) ENGINE=InnoDB DEFAULT CHARSET=utf8mb4 COLLATE=utf8mb4_unicode_ci;

-- --------------------------------------------------------

--
-- Table structure for table `users`
--

CREATE TABLE `users` (
  `idUser` bigint UNSIGNED NOT NULL,
  `email` varchar(255) COLLATE utf8mb4_unicode_ci NOT NULL,
  `password` varchar(255) COLLATE utf8mb4_unicode_ci NOT NULL,
  `numberPhone` varchar(255) COLLATE utf8mb4_unicode_ci NOT NULL,
  `name` varchar(255) COLLATE utf8mb4_unicode_ci NOT NULL,
  `created_at` timestamp NULL DEFAULT NULL,
  `updated_at` timestamp NULL DEFAULT NULL,
  `role` varchar(255) COLLATE utf8mb4_unicode_ci NOT NULL DEFAULT 'user'
) ENGINE=InnoDB DEFAULT CHARSET=utf8mb4 COLLATE=utf8mb4_unicode_ci;

--
-- Dumping data for table `users`
--

INSERT INTO `users` (`idUser`, `email`, `password`, `numberPhone`, `name`, `created_at`, `updated_at`, `role`) VALUES
(1, 'example@gmail.com', '$2y$10$Jj6nn7eG8FgfhqMP7f6aSOOWryIN20vpW75TtsIKvsCUh.vRJB57S', '081805003532', 'John Smith', '2024-11-04 09:01:03', '2024-11-04 09:01:03', 'customer'),
(2, 'admin01@gmail.com', '$2y$10$jTfUcS77PUIfBz7lZsSm7e27sb04Dl4GcK2i8DEFhCy1.YbECDfcW', '081805003532', 'Admin01', '2024-11-04 09:45:25', '2024-11-04 09:45:25', 'admin'),
(3, 'example02@gmail.com', '$2y$10$rmEjoi4LoF5u95urSNXPrO41xYh2jppUakG67yqDJ2RYBf/EDaL1m', '081777333444', 'David', '2024-11-04 19:49:26', '2024-11-04 19:49:26', 'customer'),
(4, 'example03@gmail.com', '$2y$10$hPiMwTMt4j1YVN3aRDzoWO7oREdYBi91pwO1hqoxEHXVnn1vQLQn6', '081890004000', 'Vikar', '2024-11-04 19:50:24', '2024-11-04 19:50:24', 'customer');

--
-- Indexes for dumped tables
--

--
-- Indexes for table `books`
--
ALTER TABLE `books`
  ADD PRIMARY KEY (`idBook`),
  ADD KEY `books_idcategory_foreign` (`idCategory`);

--
-- Indexes for table `categories`
--
ALTER TABLE `categories`
  ADD PRIMARY KEY (`id`);

--
-- Indexes for table `migrations`
--
ALTER TABLE `migrations`
  ADD PRIMARY KEY (`id`);

--
-- Indexes for table `password_reset_tokens`
--
ALTER TABLE `password_reset_tokens`
  ADD PRIMARY KEY (`email`);

--
-- Indexes for table `personal_access_tokens`
--
ALTER TABLE `personal_access_tokens`
  ADD PRIMARY KEY (`id`),
  ADD UNIQUE KEY `personal_access_tokens_token_unique` (`token`),
  ADD KEY `personal_access_tokens_tokenable_type_tokenable_id_index` (`tokenable_type`,`tokenable_id`);

--
-- Indexes for table `sales`
--
ALTER TABLE `sales`
  ADD PRIMARY KEY (`idSales`);

--
-- Indexes for table `users`
--
ALTER TABLE `users`
  ADD PRIMARY KEY (`idUser`),
  ADD UNIQUE KEY `users_email_unique` (`email`);

--
-- AUTO_INCREMENT for dumped tables
--

--
-- AUTO_INCREMENT for table `categories`
--
ALTER TABLE `categories`
  MODIFY `id` bigint UNSIGNED NOT NULL AUTO_INCREMENT, AUTO_INCREMENT=26;

--
-- AUTO_INCREMENT for table `migrations`
--
ALTER TABLE `migrations`
  MODIFY `id` int UNSIGNED NOT NULL AUTO_INCREMENT, AUTO_INCREMENT=10;

--
-- AUTO_INCREMENT for table `personal_access_tokens`
--
ALTER TABLE `personal_access_tokens`
  MODIFY `id` bigint UNSIGNED NOT NULL AUTO_INCREMENT;

--
-- AUTO_INCREMENT for table `sales`
--
ALTER TABLE `sales`
  MODIFY `idSales` bigint UNSIGNED NOT NULL AUTO_INCREMENT;

--
-- AUTO_INCREMENT for table `users`
--
ALTER TABLE `users`
  MODIFY `idUser` bigint UNSIGNED NOT NULL AUTO_INCREMENT, AUTO_INCREMENT=5;

--
-- Constraints for dumped tables
--

--
-- Constraints for table `books`
--
ALTER TABLE `books`
  ADD CONSTRAINT `books_idcategory_foreign` FOREIGN KEY (`idCategory`) REFERENCES `categories` (`id`) ON DELETE CASCADE;
COMMIT;

/*!40101 SET CHARACTER_SET_CLIENT=@OLD_CHARACTER_SET_CLIENT */;
/*!40101 SET CHARACTER_SET_RESULTS=@OLD_CHARACTER_SET_RESULTS */;
/*!40101 SET COLLATION_CONNECTION=@OLD_COLLATION_CONNECTION */;
